time_s,root_x_m,root_y_m,root_z_m,root_qw,root_qx,root_qy,root_qz,left_hip_pitch_joint,left_hip_roll_joint,left_hip_yaw_joint,left_knee_joint,left_ankle_pitch_joint,left_ankle_roll_joint,right_hip_pitch_joint,right_hip_roll_joint,right_hip_yaw_joint,right_knee_joint,right_ankle_pitch_joint,right_ankle_roll_joint,waist_yaw_joint,left_shoulder_pitch_joint,left_shoulder_roll_joint,left_shoulder_yaw_joint,left_elbow_joint,left_wrist_roll_joint,right_shoulder_pitch_joint,right_shoulder_roll_joint,right_shoulder_yaw_joint,right_elbow_joint,right_wrist_roll_joint
0,-2.17431403,-1.62274102,0.761016553,0.0788290852,0,0,0.996888146,-0.312,0,0,0.669,-0.363,0,-0.312,0,0,0.669,-0.363,0,0,0.2,0.2,0,0.6,0,0.2,-0.2,0,0.6,0
0.0333330006,-2.17431403,-1.62274102,0.761016553,0.0788290852,0,0,0.996888146,-0.312,0,0,0.669,-0.363,0,-0.312,0,0,0.669,-0.363,0,0,0.2,0.2,0,0.6,0,0.2,-0.2,0,0.6,0
0.0666660012,-2.17431403,-1.62274102,0.761016553,0.0788290852,0,0,0.996888146,-0.312,0,0,0.669,-0.363,0,-0.312,0,0,0.669,-0.363,0,0,0.2,0.2,0,0.6,0,0.2,-0.2,0,0.6,0
0.0999990018,-2.17431403,-1.62274102,0.761016553,0.0788290852,0,0,0.996888146,-0.312,0,0,0.669,-0.363,0,-0.312,0,0,0.669,-0.363,0,0,0.2,0.2,0,0.6,0,0.2,-0.2,0,0.6,0
0.133332002,-2.17431403,-1.62274102,0.761016553,0.0788290852,0,0,0.996888146,-0.312,0,0,0.669,-0.363,0,-0.312,0,0,0.669,-0.363,0,0,0.2,0.2,0,0.6,0,0.2,-0.2,0,0.6,0
0.166665003,-2.17431403,-1.62274102,0.761016553,0.0788290852,0,0,0.996888146,-0.312,0,0,0.669,-0.363,0,-0.312,0,0,0.669,-0.363,0,0,0.2,0.2,0,0.6,0,0.2,-0.2,0,0.6,0
0.199998004,-2.17431403,-1.62274102,0.761016553,0.0788290852,0,0,0.996888146,-0.312,0,0,0.669,-0.363,0,-0.312,0,0,0.669,-0.363,0,0,0.2,0.2,0,0.6,0,0.2,-0.2,0,0.6,0
0.233331004,-2.17431403,-1.62274102,0.761016553,0.0788290852,0,0,0.996888146,-0.312,0,0,0.669,-0.363,0,-0.312,0,0,0.669,-0.363,0,0,0.2,0.2,0,0.6,0,0.2,-0.2,0,0.6,0
0.266664005,-2.17431403,-1.62274102,0.761016553,0.0788290852,0,0,0.996888146,-0.312,0,0,0.669,-0.363,0,-0.312,0,0,0.669,-0.363,0,0,0.2,0.2,0,0.6,0,0.2,-0.2,0,0.6,0
0.299997005,-2.17431403,-1.62274102,0.761016553,0.0788290852,0,0,0.996888146,-0.312,0,0,0.669,-0.363,0,-0.312,0,0,0.669,-0.363,0,0,0.2,0.2,0,0.6,0,0.2,-0.2,0,0.6,0
0.333330006,-2.17431403,-1.62274102,0.761016553,0.0788290852,0,0,0.996888146,-0.312,0,0,0.669,-0.363,0,-0.312,0,0,0.669,-0.363,0,0,0.2,0.2,0,0.6,0,0.2,-0.2,0,0.6,0
0.366663007,-2.17431403,-1.62274102,0.761016553,0.0788290852,0,0,0.996888146,-0.312,0,0,0.669,-0.363,0,-0.312,0,0,0.669,-0.363,0,0,0.2,0.2,0,0.6,0,0.2,-0.2,0,0.6,0
0.399996007,-2.17431403,-1.62274102,0.761016553,0.0788290852,0,0,0.996888146,-0.312,0,0,0.669,-0.363,0,-0.312,0,0,0.669,-0.363,0,0,0.2,0.2,0,0.6,0,0.2,-0.2,0,0.6,0
0.433329008,-2.17431403,-1.62274102,0.761016553,0.0788290852,0,0,0.996888146,-0.312,0,0,0.669,-0.363,0,-0.312,0,0,0.669,-0.363,0,0,0.2,0.2,0,0.6,0,0.2,-0.2,0,0.6,0
0.466662009,-2.17431403,-1.62274102,0.761016553,0.0788290852,0,0,0.996888146,-0.312,0,0,0.669,-0.363,0,-0.312,0,0,0.669,-0.363,0,0,0.2,0.2,0,0.6,0,0.2,-0.2,0,0.6,0
0.499995009,-2.17431403,-1.62274102,0.761016553,0.0788290852,0,0,0.996888146,-0.312,0,0,0.669,-0.363,0,-0.312,0,0,0.669,-0.363,0,0,0.2,0.2,0,0.6,0,0.2,-0.2,0,0.6,0
0.53332801,-2.17431397,-1.62274209,0.761017823,0.0788290542,-1.69228899e-06,-7.28566475e-07,0.996888148,-0.311999583,2.15890191e-07,-1.44145274e-07,0.668989979,-0.362993655,1.46971383e-06,-0.311997739,2.1589072e-07,-1.4414519e-07,0.668985918,-0.362991438,1.46971348e-06,-2.36189579e-06,0.199987302,0.200005966,-2.71662302e-05,0.600028194,-1.14115475e-05,0.199991507,-0.200013227,3.03330985e-05,0.600010437,1.32555932e-05
0.56666101,-2.1743136,-1.62274926,0.761027695,0.0788288438,-1.31981766e-05,-5.68209629e-06,0.996888165,-0.311991423,1.86139178e-06,-1.18041731e-06,0.668910129,-0.362944125,1.12759741e-05,-0.311977043,1.86143428e-06,-1.18039863e-06,0.668878453,-0.362926828,1.12759473e-05,-1.84204458e-05,0.199900969,0.200046529,-0.000211869666,0.600219882,-8.89987586e-05,0.199933765,-0.200103161,0.0002365681,0.600081397,0.000103380487
0.599994011,-2.17431323,-1.62276816,0.761052802,0.0788282911,-4.34115076e-05,-1.86895792e-05,0.996888208,-0.311972492,5.91724409e-06,-3.81859155e-06,0.668708178,-0.362819292,3.73040918e-05,-0.311925177,5.91770832e-06,-3.81840107e-06,0.668603953,-0.362762382,3.73037945e-05,-6.05886215e-05,0.199674267,0.200153045,-0.000696882754,0.600723238,-0.000292735157,0.199782139,-0.200339317,0.000778120964,0.600267732,0.000340039608
0.633327012,-2.17431218,-1.62280369,0.761100246,0.0788272511,-0.000100254312,-4.31616177e-05,0.996888285,-0.311936457,1.36710594e-05,-8.82392084e-06,0.668326041,-0.362582664,8.61431389e-05,-0.311827114,1.36735366e-05,-8.82290312e-06,0.668085189,-0.362451155,8.6141553e-05,-0.00013992305,0.199247753,0.200353441,-0.00160937744,0.601670242,-0.000676041061,0.199496873,-0.200783617,0.00179698854,0.600618299,0.000785285718
0.666660012,-2.17431052,-1.62286024,0.761175702,0.0788255954,-0.00019071151,-8.21053694e-05,0.9968884,-0.311879074,2.60237067e-05,-1.68015291e-05,0.667717863,-0.36220608,0.000163847773,-0.311670847,2.60326765e-05,-1.67978344e-05,0.667259224,-0.361955667,0.000163842036,-0.000266172455,0.198569018,0.200672343,-0.00306148232,0.603177263,-0.00128601763,0.199042912,-0.201490656,0.00341837068,0.601176176,0.00149383127
0.699993013,-2.17430812,-1.62294161,0.761284173,0.0788232117,-0.000320865622,-0.000138139488,0.996888549,-0.311796426,4.38257073e-05,-2.83063935e-05,0.666842654,-0.361664181,0.000275619853,-0.311445545,4.38511198e-05,-2.82958856e-05,0.666069866,-0.361242275,0.000275603621,-0.000447826098,0.197592422,0.201131195,-0.00515083983,0.605345637,-0.0021636809,0.198389732,-0.202507979,0.00575129235,0.601978876,0.00251332028
0.733326013,-2.17430491,-1.62305105,0.761429888,0.0788200031,-0.000495931468,-0.000213509066,0.996888718,-0.31168511,6.78251876e-05,-4.3830637e-05,0.665665198,-0.360935199,0.000425897422,-0.311141645,6.78859673e-05,-4.38053757e-05,0.664468388,-0.360281855,0.000425858674,-0.000692162219,0.196278836,0.20174838,-0.00796116337,0.608262243,-0.00334419584,0.197511162,-0.203876344,0.00888922573,0.603058561,0.00388460018
0.766659014,-2.17430079,-1.6231913,0.761616323,0.0788158868,-0.000720290876,-0.000310100573,0.996888881,-0.311542204,9.86732059e-05,-6.38086006e-05,0.664155808,-0.360000807,0.000618383627,-0.310750738,9.8801614e-05,-6.37548803e-05,0.662413096,-0.35904956,0.000618301961,-0.00100529648,0.194595381,0.202539348,-0.0115627945,0.612000082,-0.00485711037,0.196385211,-0.205630003,0.0129107123,0.604442254,0.00564199369
0.799992015,-2.17429571,-1.6233646,0.761846213,0.0788107939,-0.000997527372,-0.000429456793,0.996889,-0.311365244,0.000136932918,-8.86227897e-05,0.662290093,-0.358845975,0.000856071694,-0.310265465,0.000137179663,-8.85187272e-05,0.65986892,-0.357524582,0.000855915235,-0.00139223039,0.192515168,0.203516731,-0.01601326,0.616618857,-0.00672658944,0.194993896,-0.207796965,0.0178799852,0.606152056,0.00781357069
0.833325015,-2.17428962,-1.62357271,0.762121575,0.0788046683,-0.00133046088,-0.000572791764,0.996889024,-0.311152206,0.000183086084,-0.000118608407,0.660048727,-0.357458836,0.00114127285,-0.309679418,0.000183526027,-0.000118421071,0.656807026,-0.355689923,0.00114099488,-0.00185689978,0.190017038,0.204690472,-0.0213578293,0.62216555,-0.00897164905,0.193323064,-0.210399271,0.0238475907,0.608205361,0.01042142
0.866658016,-2.1742825,-1.62381693,0.762443732,0.0787974663,-0.00172118242,-0.000741005713,0.996888884,-0.310901486,0.000237539152,-0.000154057139,0.657417238,-0.355830544,0.00147564482,-0.308987061,0.000238277433,-0.000153739225,0.653204447,-0.353532179,0.00147518033,-0.00240222321,0.1870853,0.206067942,-0.0276300712,0.628674999,-0.0116063903,0.191362221,-0.213453268,0.0308510112,0.610615063,0.0134819215
0.899991016,-2.17427431,-1.62409812,0.762813338,0.0787891557,-0.00217108877,-0.000934699985,0.9968885,-0.310611895,0.000300628303,-0.000195219965,0.6543858,-0.353955152,0.00186022161,-0.308183652,0.000301806695,-0.000194706005,0.649043745,-0.351041339,0.00185948385,-0.00303015042,0.183709473,0.207654067,-0.0348524116,0.636170477,-0.0146402334,0.189104355,-0.216969875,0.0389152865,0.613389779,0.0170060176
0.933324017,-2.17426508,-1.62441674,0.763230402,0.0787797153,-0.00268091717,-0.00115419198,0.996887776,-0.310282654,0.000372623581,-0.000242309019,0.65094904,-0.351829483,0.00229544436,-0.307265197,0.000374426876,-0.000241511138,0.644312697,-0.348210597,0.00229432167,-0.00374171078,0.179884021,0.209451446,-0.0430366899,0.644664273,-0.0180781517,0.186545767,-0.220954855,0.0480536366,0.616534057,0.0209994854
0.966657018,-2.17425479,-1.62477284,0.763694325,0.0787691345,-0.00325078,-0.00139953007,0.996886602,-0.309913397,0.000453732134,-0.000295498557,0.647105856,-0.349453018,0.00278119331,-0.306228399,0.000456394369,-0.000294301793,0.639004014,-0.345036174,0.00277954625,-0.00453706173,0.1756081,0.211460478,-0.0521847172,0.654158265,-0.021920906,0.183685888,-0.225409092,0.0582680834,0.620048593,0.0254632084
0.999990018,-2.17424348,-1.6251661,0.764203929,0.0787574127,-0.00388019944,-0.00167050855,0.99688486,-0.309504176,0.000544100413,-0.000354925044,0.642859243,-0.346827775,0.00331682088,-0.305070633,0.000547910744,-0.000353182248,0.63311508,-0.341517157,0.00331447995,-0.0054155372,0.170885288,0.21367948,-0.0622888323,0.664644502,-0.0261652781,0.180527116,-0.230328853,0.0695500727,0.623930444,0.0303934485
1.03332302,-2.17423118,-1.62559586,0.764757494,0.0787445586,-0.00456814218,-0.00196668256,0.99688242,-0.30905548,0.000643815491,-0.0004206865,0.638216132,-0.343958208,0.00390118583,-0.303789931,0.000649123536,-0.000418212867,0.626647725,-0.33765535,0.0038979498,-0.00637569607,0.165723335,0.216104812,-0.0733324597,0.676105783,-0.0308043052,0.17707463,-0.23570607,0.0818810967,0.628173241,0.0357821179
1.06665602,-2.17421794,-1.62606112,0.7653528,0.0787305901,-0.00531305409,-0.00228738302,0.996879147,-0.308568244,0.000752905907,-0.000492841349,0.633187234,-0.340851096,0.00453268787,-0.302384978,0.000760126393,-0.000489408628,0.619608011,-0.33345514,0.00452832285,-0.00741537063,0.160133894,0.218730998,-0.0852906665,0.688516231,-0.035827514,0.173336227,-0.241528602,0.0952333161,0.632767406,0.0416170506
1.09998902,-2.17420382,-1.62656057,0.765987163,0.078715534,-0.00611289489,-0.00263173152,0.996874902,-0.308043871,0.000871341006,-0.000571406563,0.627786887,-0.337515444,0.00520930384,-0.300855118,0.00088095757,-0.000566737058,0.612006057,-0.328923369,0.00520354315,-0.00853171496,0.154132266,0.221550849,-0.0981307196,0.701841876,-0.0412211543,0.169322139,-0.247780511,0.109570182,0.637700364,0.0478822747
1.13332202,-2.17418889,-1.62709262,0.766657484,0.0786994249,-0.00696517286,-0.00299865536,0.996869548,-0.307484255,0.000999030154,-0.000656355684,0.622032906,-0.333962374,0.00592862396,-0.299200374,0.00101159816,-0.000650116134,0.603855868,-0.324069218,0.00592116889,-0.00972125343,0.147737135,0.224555587,-0.111812642,0.716041228,-0.0469684337,0.165044863,-0.254442331,0.124847057,0.642956755,0.0545582839
1.16665502,-2.17417321,-1.6276554,0.767360291,0.0786823057,-0.00786697958,-0.00338690237,0.996862947,-0.306891793,0.00113582149,-0.000747616716,0.615946432,-0.330205027,0.0066878884,-0.297421469,0.00115196974,-0.000739412222,0.595175186,-0.318904107,0.00667840985,-0.0109799291,0.140970312,0.227734963,-0.126289773,0.731065862,-0.0530497509,0.160518988,-0.261491344,0.141011841,0.648518654,0.0616223098
1.19998802,-2.17415688,-1.62824682,0.768091788,0.0786642268,-0.00881502459,-0.00379505595,0.996854971,-0.306269411,0.00128150088,-0.000845070253,0.609551779,-0.326258454,0.00748402356,-0.295519867,0.00130193211,-0.000834438394,0.58598537,-0.313441593,0.0074721645,-0.0123031523,0.133856473,0.231077383,-0.14150932,0.74686099,-0.0594429305,0.155761017,-0.268901845,0.158005587,0.654365778,0.0690485934
1.23332102,-2.17413998,-1.62886456,0.76884791,0.0786452458,-0.00980567015,-0.00422154997,0.996845501,-0.305620569,0.00143578914,-0.000948547348,0.602876258,-0.322139501,0.00831367985,-0.293497804,0.00146127924,-0.000934952743,0.576311267,-0.307697281,0.00829905866,-0.0136858487,0.126422897,0.234570032,-0.157412922,0.763366042,-0.0661234563,0.150789194,-0.276645416,0.175763131,0.660475705,0.0768086569
1.26665402,-2.1741226,-1.62950595,0.76962435,0.078625427,-0.010834966,-0.00466468376,0.996834433,-0.304949334,0.00159853976,-0.00105788514,0.595950162,-0.317866789,0.00917306079,-0.291358398,0.00162993547,-0.0010407117,0.566181275,-0.301688845,0.0091552762,-0.0151225082,0.118699207,0.23819899,-0.173937201,0.780515244,-0.0730647061,0.145623335,-0.284691199,0.194213706,0.666824087,0.0848715759
1.29998702,-2.17410487,-1.63016861,0.770416686,0.0786048414,-0.011898684,-0.00512263705,0.996821679,-0.304260095,0.00176885133,-0.00117267217,0.588805844,-0.313460139,0.010058881,-0.289105404,0.00180706696,-0.00115122918,0.555626488,-0.295435483,0.0100375138,-0.0166072332,0.110717111,0.241949359,-0.191014322,0.798238196,-0.0802381851,0.140284644,-0.293006164,0.21328157,0.673384864,0.0932042511
1.33332002,-2.17408686,-1.63084942,0.77122031,0.0785835659,-0.0129923532,-0.00559348493,0.99680717,-0.30355806,0.00194665804,-0.00129270408,0.5814788,-0.308941231,0.0109667456,-0.286743795,0.00199266989,-0.00126621039,0.54468197,-0.288958678,0.0109413681,-0.0181337869,0.102510137,0.245805387,-0.208572552,0.816460452,-0.0876137603,0.134795548,-0.301555385,0.232886628,0.680130474,0.10177168
1.36665303,-2.17406868,-1.63154548,0.772030594,0.078561683,-0.0141112942,-0.00607521287,0.996790863,-0.302848755,0.00213128609,-0.00141757068,0.574006214,-0.304332714,0.0118926864,-0.28427931,0.00218612602,-0.00138516143,0.533385398,-0.282281358,0.0118628657,-0.0196956419,0.094113379,0.249750584,-0.226536812,0.835104093,-0.0951598942,0.129179518,-0.310302305,0.252945049,0.687032076,0.110537229
1.39998603,-2.17405044,-1.63225368,0.772842891,0.0785392805,-0.0152506542,-0.00656573165,0.996772737,-0.302138204,0.00232211019,-0.00154684509,0.566427228,-0.299658364,0.0128325127,-0.281718734,0.00238685728,-0.00150757064,0.521777548,-0.275428172,0.0127978176,-0.0212860285,0.0855632304,0.253767852,-0.24482924,0.854088314,-0.10284388,0.123460895,-0.319209012,0.273369894,0.694059755,0.119462906
1.43331903,-2.17403225,-1.63297086,0.773652601,0.0785164508,-0.0164054419,-0.00706289236,0.9967528,-0.301432824,0.00251843386,-0.00168005111,0.558782509,-0.294942821,0.01378197,-0.279069889,0.00259420451,-0.00163288001,0.509902075,-0.268425344,0.013741977,-0.0228979834,0.0768971275,0.2578396,-0.263369744,0.873329992,-0.110632073,0.117664718,-0.328236509,0.294071733,0.701182742,0.12850963
1.46665203,-2.17401419,-1.63369379,0.77445522,0.0784932904,-0.017570562,-0.0075645014,0.996731086,-0.30073934,0.00271949047,-0.00181666567,0.55111388,-0.290211375,0.0147367724,-0.276341664,0.00280742685,-0.0017604902,0.497805393,-0.261300589,0.0146910725,-0.0245243979,0.0681532877,0.261947873,-0.282076561,0.892744272,-0.118490127,0.111816548,-0.337344984,0.314959273,0.708369622,0.137637505
1.49998503,-2.17399638,-1.63441918,0.77524639,0.0784698995,-0.0187408502,-0.00806833541,0.996707659,-0.30006469,0.00292444648,-0.00195612231,0.543463916,-0.285489721,0.0156926331,-0.273544049,0.00302570338,-0.00188976683,0.485536551,-0.254083026,0.0156408381,-0.0261580665,0.0593704492,0.26607447,-0.300866812,0.912245142,-0.12638323,0.105942295,-0.346494085,0.335939974,0.715588558,0.146806091
1.53331803,-2.17397888,-1.63514377,0.776021955,0.0784463811,-0.019911108,-0.00857215631,0.996682613,-0.299415891,0.00313240376,-0.00209781469,0.535875465,-0.280803681,0.0166452961,-0.270688127,0.00324813376,-0.00202004718,0.473147051,-0.246803062,0.016587045,-0.027791735,0.0505876107,0.270201066,-0.319657064,0.931746013,-0.134276333,0.100068041,-0.355643185,0.356920674,0.722807493,0.155974677
1.56665103,-2.1739618,-1.6358643,0.776777996,0.0784228406,-0.0210761373,-0.00907372626,0.99665607,-0.298799901,0.00334240529,-0.00224110121,0.528391162,-0.276178928,0.0175905643,-0.267786088,0.00347374243,-0.00215064824,0.460690675,-0.239492287,0.017525529,-0.0294181495,0.0418437709,0.274309339,-0.33836388,0.951160293,-0.142134388,0.0942198714,-0.36475166,0.377808214,0.729994374,0.165102552
1.59998403,-2.17394521,-1.63657752,0.777510883,0.0783993848,-0.0222307754,-0.00957082259,0.99662818,-0.298223443,0.00355344204,-0.00238531013,0.521052861,-0.27164065,0.0185243265,-0.264851181,0.00370148397,-0.00228087528,0.448223231,-0.232183317,0.0184522181,-0.0310301044,0.033177668,0.278381087,-0.356904385,0.970401971,-0.149922581,0.0884236945,-0.373779157,0.398510053,0.73711736,0.174149276
1.63331703,-2.17392917,-1.63728028,0.778217309,0.0783761213,-0.0233699298,-0.0100612528,0.996599118,-0.29769283,0.00376446041,-0.00252974483,0.513901066,-0.267213236,0.0194425848,-0.261897685,0.00393024922,-0.00241003072,0.435802292,-0.224909642,0.0193631579,-0.0326204911,0.0246275193,0.282398355,-0.375196813,0.989386192,-0.157606566,0.0827050717,-0.382685864,0.418934898,0.744145039,0.183074953
1.66665003,-2.17391375,-1.63796948,0.778894324,0.0783531577,-0.0244886127,-0.0105428697,0.996569084,-0.297213758,0.00397437375,-0.00267368999,0.506974297,-0.262919905,0.0203414771,-0.25894081,0.00415887568,-0.00253742362,0.42348682,-0.217705411,0.020254535,-0.034182346,0.0162307611,0.286343553,-0.393161073,1.00802983,-0.1651527,0.0770890414,-0.391432784,0.438993319,0.751046641,0.191840502
1.69998303,-2.17389899,-1.63864215,0.779539369,0.0783306007,-0.0255819758,-0.0110135858,0.996538299,-0.296791094,0.00418207116,-0.00281641707,0.50030845,-0.258782352,0.0212173033,-0.255996576,0.00438615556,-0.00266237831,0.411336735,-0.210605187,0.0211227021,-0.0357088997,0.00802378759,0.29019958,-0.410719303,1.02625209,-0.172528275,0.0715999455,-0.399982005,0.458598377,0.757792252,0.200407931
1.73331603,-2.17388493,-1.63929544,0.780150295,0.0783085552,-0.0266453452,-0.011471389,0.996507001,-0.296428687,0.00438643256,-0.00295719125,0.4939362,-0.254820403,0.0220665457,-0.253081673,0.00461085034,-0.00278424378,0.399412434,-0.203643677,0.0219641974,-0.0371936247,4.16911813e-05,0.29394995,-0.427796424,1.04397504,-0.179701754,0.0662612549,-0.408296971,0.477666242,0.764353028,0.208740606
1.76664903,-2.17387161,-1.63992664,0.780725382,0.0782871233,-0.0276742558,-0.0119143569,0.996475444,-0.296129154,0.0045863407,-0.00309527749,0.487886368,-0.251051661,0.0228858921,-0.250213242,0.00483170299,-0.00290240146,0.387774152,-0.196855376,0.0227757671,-0.0386302842,-0.00768199843,0.297578907,-0.444320703,1.06112424,-0.186643004,0.0610953952,-0.416342754,0.496116817,0.77070141,0.216803525
1.79998203,-2.17385904,-1.64053322,0.781263348,0.0782664036,-0.0286644861,-0.0123406721,0.99644389,-0.295893726,0.00478069821,-0.0032299479,0.482183399,-0.24749121,0.0236722544,-0.247408642,0.00504745572,-0.00301627319,0.376481283,-0.190274189,0.0235543833,-0.0400129806,-0.0151155745,0.301071556,-0.460224304,1.07762929,-0.19332353,0.0561235732,-0.424086325,0.51387436,0.776811338,0.224563589
1.83331503,-2.17384725,-1.64111285,0.781763353,0.0782464898,-0.0296120929,-0.0127486371,0.996412607,-0.29572211,0.00496844236,-0.00336048866,0.476846887,-0.244151343,0.0244227892,-0.244685152,0.00525686634,-0.00312532751,0.365591571,-0.183932984,0.0242972641,-0.0413362038,-0.0222294136,0.304413977,-0.475443852,1.09342442,-0.199716709,0.0513656017,-0.431496825,0.530868106,0.782658462,0.231989872
1.86664803,-2.17383625,-1.64166337,0.782224991,0.07822747,-0.0305134457,-0.0131366886,0.996381865,-0.295612424,0.00514856042,-0.00348620755,0.471891273,-0.241041387,0.0251349182,-0.242059667,0.00545872594,-0.00322908501,0.355160275,-0.177863131,0.0250018921,-0.0425948795,-0.0289962363,0.307593353,-0.489920982,1.10844906,-0.205798027,0.0468397264,-0.438545838,0.54703289,0.78822036,0.239053898
1.89998103,-2.17382602,-1.6421829,0.782648272,0.0782094256,-0.0313652614,-0.0135034135,0.996351928,-0.295561181,0.00532010639,-0.0036064422,0.467325624,-0.238167572,0.0258063469,-0.239548338,0.00565187898,-0.00332712275,0.345239211,-0.172093973,0.0256660329,-0.043784418,-0.0353913673,0.31059809,-0.503602905,1.12264841,-0.211545306,0.0425624508,-0.445207659,0.562309765,0.793476751,0.245729907
1.93331404,-2.17381658,-1.64266976,0.7830336,0.0781924302,-0.0321646391,-0.0138475626,0.996323052,-0.295563364,0.00548221746,-0.00372056906,0.463153647,-0.235533031,0.0264350825,-0.23716622,0.00583524397,-0.00341907772,0.335875837,-0.166652317,0.0262877521,-0.0449007623,-0.041392996,0.313417942,-0.516442958,1.13597405,-0.216938946,0.0385483626,-0.451459567,0.576646631,0.798409709,0.251995132
1.96664704,-2.17380792,-1.64312256,0.783381737,0.0781765488,-0.0329090941,-0.0141680664,0.996295481,-0.295612594,0.00563412657,-0.00382801245,0.459373875,-0.233137886,0.0270194562,-0.234926948,0.00600783118,-0.00350464893,0.327112343,-0.161561934,0.0268654357,-0.0459404369,-0.0469824369,0.316044128,-0.528401165,1.1483845,-0.221962155,0.0348099593,-0.457282099,0.58999885,0.803003874,0.257830064
1.99998004,-2.17380002,-1.64354019,0.783693762,0.0781618362,-0.033596593,-0.0144640493,0.996269435,-0.295701351,0.00577517631,-0.00392825461,0.455979986,-0.230979417,0.027558143,-0.232842383,0.00616876243,-0.00358359904,0.318984739,-0.156843052,0.0273978096,-0.0469005957,-0.0521443899,0.318469459,-0.539444793,1.15984578,-0.226601182,0.031357474,-0.462659316,0.602329875,0.807246672,0.263218734
2.03331304,-2.17379287,-1.64392181,0.783971024,0.0781483369,-0.034225588,-0.014734845,0.996245116,-0.295821294,0.00590483357,-0.00402084697,0.452961342,-0.229052339,0.0280501799,-0.230922353,0.0063172922,-0.00365575624,0.311522098,-0.152511929,0.0278839569,-0.0477790712,-0.0568672012,0.320688461,-0.549548908,1.17033202,-0.230845554,0.0281987012,-0.467579078,0.613611864,0.811128523,0.268148974
2.06664604,-2.17378647,-1.64426689,0.7842151,0.0781360833,-0.0347950513,-0.0149800111,0.996222694,-0.295963586,0.00602274169,-0.00410543039,0.450303537,-0.227349102,0.0284949461,-0.229174363,0.00645286654,-0.00372102142,0.304745766,-0.148580426,0.0283232966,-0.0485744222,-0.061143123,0.322697493,-0.558696935,1.17982601,-0.234688308,0.025338823,-0.472033314,0.623826311,0.814643059,0.272612697
2.09997904,-2.17378078,-1.64457532,0.784427713,0.0781250951,-0.03530451,-0.0151993439,0.996202309,-0.296119468,0.00612854176,-0.00418170489,0.447989431,-0.22586041,0.0288923773,-0.227603669,0.00657495094,-0.00377934166,0.298669299,-0.145055928,0.0287157957,-0.0492859825,-0.0649685745,0.324494873,-0.566881213,1.18831981,-0.238126227,0.0227802342,-0.476018294,0.632964661,0.817787337,0.276606165
2.13331204,-2.1737758,-1.64484725,0.784610734,0.0781153784,-0.0357540805,-0.0153928936,0.996184065,-0.296280398,0.00622217282,-0.00424950536,0.445999375,-0.224575373,0.0292426917,-0.226212801,0.00668333724,-0.00383075566,0.293297319,-0.141940748,0.0290616968,-0.0499139097,-0.068344402,0.326080998,-0.574103554,1.19581529,-0.24116007,0.0205223689,-0.479534901,0.641028936,0.820562053,0.280130261
2.16664504,-2.1737715,-1.6450832,0.784766111,0.0781069247,-0.0361445031,-0.0155609789,0.996168028,-0.296438595,0.0063036784,-0.00430876755,0.444312157,-0.223481989,0.0295466192,-0.225001709,0.0067779558,-0.00387536544,0.288625613,-0.139232144,0.0293617451,-0.0504592332,-0.0712761397,0.327458468,-0.580375796,1.20232473,-0.243794811,0.0185615255,-0.482588898,0.648032356,0.822971755,0.283190762
2.19997804,-2.17376786,-1.6452841,0.784895848,0.0780997102,-0.0364771766,-0.0157042019,0.996154219,-0.296587353,0.0063732628,-0.00435954924,0.442905541,-0.222567413,0.0298053761,-0.223967719,0.00685893676,-0.00391334698,0.284640854,-0.136922156,0.0296171623,-0.0509239025,-0.0737742696,0.328632208,-0.585720365,1.20787143,-0.246039871,0.0168906935,-0.485191205,0.653999962,0.825025059,0.285798611
2.23331104,-2.17376483,-1.64545129,0.785001987,0.0780936948,-0.0367541927,-0.0158234633,0.996142621,-0.296721282,0.00643129516,-0.00440203822,0.441756612,-0.221818149,0.0300206936,-0.223105488,0.00692661803,-0.00394495285,0.281320332,-0.134997447,0.0298296745,-0.0513108365,-0.0758544823,0.329609591,-0.59017083,1.2124902,-0.24790935,0.0154993782,-0.487358166,0.658969235,0.826734862,0.287970188
2.26664404,-2.17376239,-1.64558652,0.785086609,0.0780888214,-0.0369783714,-0.0159199769,0.996133169,-0.296836508,0.0064783152,-0.00443655981,0.440842026,-0.221220158,0.0301948445,-0.222407022,0.00698155359,-0.00397051607,0.278631817,-0.133439207,0.030001539,-0.0516239707,-0.0775379374,0.330400559,-0.593772462,1.21622804,-0.249422264,0.0143734277,-0.489111825,0.662990721,0.828118555,0.289727582
2.29997704,-2.17376049,-1.645692,0.785151841,0.0780850156,-0.0371532946,-0.0159952851,0.996125752,-0.296930737,0.00651503714,-0.00446358219,0.440137983,-0.220758831,0.0303306731,-0.221861641,0.00702451907,-0.00399045367,0.276533293,-0.132222998,0.0301355734,-0.0518683068,-0.0788515237,0.331017744,-0.596582785,1.21914465,-0.250602779,0.0134948576,-0.49048019,0.666128655,0.829198239,0.291098862
2.33331004,-2.17375907,-1.64577039,0.785199881,0.0780821843,-0.0372833418,-0.0160512732,0.996120214,-0.297003276,0.00654235719,-0.00448372134,0.439620079,-0.220418892,0.0304316212,-0.221455988,0.00705651933,-0.00400527135,0.274972789,-0.131318644,0.0302351818,-0.0520499605,-0.07982812,0.331476596,-0.598672143,1.22131302,-0.251480443,0.0128416776,-0.491497513,0.668461577,0.830000939,0.292118351
2.36664304,-2.17375809,-1.64582486,0.785233038,0.0780802156,-0.0373737242,-0.0160901848,0.996116354,-0.297054957,0.00656135247,-0.00449774264,0.439262948,-0.220184179,0.0305017642,-0.221173985,0.00707878676,-0.00401556697,0.273888109,-0.130690061,0.0303043909,-0.0521762099,-0.0805068551,0.331795498,-0.600124247,1.22282004,-0.252090419,0.0123877171,-0.492204552,0.670082959,0.830558817,0.292826896
2.39997604,-2.17375748,-1.64585908,0.785253776,0.0780789781,-0.0374305198,-0.0161146365,0.996113923,-0.297087967,0.00657329306,-0.00450656407,0.439039716,-0.22003734,0.0305458342,-0.220996747,0.00709279171,-0.00402203567,0.273206453,-0.130295044,0.0303478728,-0.0522555443,-0.0809333684,0.331995894,-0.601036742,1.22376705,-0.252473725,0.0121024508,-0.492648852,0.671101826,0.830909383,0.293272143
2.43330904,-2.17375715,-1.64587727,0.785264768,0.0780783202,-0.0374607081,-0.0161276332,0.99611263,-0.297105682,0.00657963972,-0.00451125592,0.438921438,-0.219959497,0.0305692575,-0.220902534,0.00710023821,-0.00402547345,0.272844125,-0.130085077,0.0303709831,-0.0522977125,-0.0811600706,0.33210241,-0.601521755,1.2242704,-0.252677461,0.0119508249,-0.492885008,0.671643379,0.831095718,0.293508802
2.46664205,-2.17375702,-1.64588431,0.785268952,0.0780780696,-0.0374722044,-0.0161325826,0.996112137,-0.297112452,0.00658189417,-0.00451300701,0.438876358,-0.219929793,0.0305783438,-0.220866618,0.0071029121,-0.00402675892,0.272705974,-0.130004986,0.0303799479,-0.052313771,-0.0812464037,0.332142973,-0.601706459,1.22446209,-0.252755049,0.0118930825,-0.492974942,0.671849614,0.831166679,0.293598927
2.49997505,-2.17375701,-1.64588525,0.785269564,0.0780780315,-0.0374738947,-0.0161333103,0.996112049,-0.297113453,0.00658236446,-0.00451329549,0.438869826,-0.219925517,0.0305795381,-0.220861365,0.00710344399,-0.00402696814,0.272685805,-0.129993327,0.0303811263,-0.0523161329,-0.0812591016,0.332148939,-0.601733625,1.22449028,-0.25276646,0.0118845897,-0.492988169,0.671879947,0.831177115,0.293612182
2.53330805,-2.17376187,-1.6458759,0.785269879,0.0780722952,-0.0374795211,-0.0161257605,0.996112424,-0.297107793,0.00657664581,-0.00452328302,0.438843695,-0.21991732,0.0305683466,-0.220882655,0.00709828021,-0.00403753363,0.272728643,-0.130027157,0.0303700502,-0.0523247257,-0.0812636774,0.332173068,-0.601731683,1.22450236,-0.252765014,0.0118878146,-0.492982892,0.671852666,0.831231111,0.293628325
2.56664105,-2.17379523,-1.64581191,0.785271916,0.0780329098,-0.0375181394,-0.0160739339,0.996114894,-0.297069723,0.00653710681,-0.00459178282,0.438665878,-0.219861831,0.0304918181,-0.221029948,0.00706253294,-0.00411001843,0.273025073,-0.130260608,0.030294311,-0.0523836938,-0.0812950816,0.332338789,-0.601718023,1.22458517,-0.252755089,0.0119097889,-0.492946634,0.671665464,0.831601871,0.293739146
2.59997405,-2.17388356,-1.6456419,0.785277084,0.0779283663,-0.0376206437,-0.0159363692,0.996121423,-0.296970182,0.00643250579,-0.00477367877,0.438196484,-0.219715641,0.0302883845,-0.221422633,0.00696786023,-0.00430240287,0.273814972,-0.130881634,0.0300929832,-0.052540079,-0.0813783873,0.332779445,-0.601678978,1.22480442,-0.25272876,0.0119667492,-0.492850108,0.671169112,0.832586958,0.294033393
2.63330705,-2.17405066,-1.64531783,0.785285707,0.0777294818,-0.0378156359,-0.0156746745,0.996133731,-0.296788478,0.00623495729,-0.00512002495,0.437317434,-0.219443846,0.0299001215,-0.222179002,0.00678864871,-0.00466834927,0.275335351,-0.132071473,0.0297087697,-0.0528370316,-0.0815366569,0.333620828,-0.601593735,1.2252193,-0.252678794,0.0120697259,-0.492665345,0.670227076,0.834464801,0.294593518
2.66664005,-2.17431707,-1.64479457,0.785296377,0.0774093949,-0.0381294236,-0.0152535269,0.996153232,-0.296516364,0.00592088453,-0.00567823393,0.435939546,-0.219023095,0.0292719082,-0.22342029,0.0065025711,-0.00525714069,0.277827405,-0.134007705,0.0290871901,-0.0533134142,-0.0817907933,0.33498337,-0.601427434,1.22588079,-0.252599022,0.0122211401,-0.492364903,0.668717124,0.837497454,0.295495946
2.69997305,-2.17469928,-1.64402932,0.785304806,0.0769435583,-0.0385860156,-0.0146406706,0.996180937,-0.296165664,0.00547223624,-0.00649231005,0.434016657,-0.218448171,0.0283502863,-0.225278735,0.00609131816,-0.0061136263,0.281551681,-0.136871432,0.0281754713,-0.0540033079,-0.082159356,0.336984688,-0.601124963,1.22682938,-0.252485403,0.0124117025,-0.491920963,0.666533332,0.841933856,0.29681139
2.73330605,-2.17520884,-1.6429811,0.785302984,0.0763097308,-0.0392071179,-0.0138069165,0.996217344,-0.29577413,0.00487754364,-0.00760297178,0.431555898,-0.217736488,0.027082417,-0.227900699,0.00554114123,-0.00727806319,0.286792401,-0.140848559,0.0269215289,-0.0549354492,-0.082658354,0.33974214,-0.60060851,1.22809221,-0.252338435,0.0126190793,-0.491304466,0.663588428,0.84801322,0.298605198
2.76663905,-2.175852,-1.64160957,0.785277928,0.0754879703,-0.0400121283,-0.0127261412,0.996262336,-0.29541386,0.00413378452,-0.00904787959,0.428635256,-0.21693737,0.0254140443,-0.231451201,0.00484422556,-0.0087860663,0.293866517,-0.146134437,0.0252719491,-0.0561326128,-0.0833010248,0.343375053,-0.599782504,1.22967937,-0.252167723,0.012810053,-0.490484441,0.659816389,0.855968192,0.300937692
2.79997205,-2.17662883,-1.63987513,0.785211777,0.0744606269,-0.0410181318,-0.0113752878,0.996315076,-0.295192171,0.00324633701,-0.010861297,0.425402419,-0.216130162,0.0232892455,-0.236103694,0.00399831845,-0.0106682178,0.303098167,-0.152918669,0.0231717067,-0.0576109571,-0.084097606,0.348006259,-0.598549812,1.23157924,-0.251999628,0.0129480291,-0.48942767,0.655175292,0.866027414,0.303864473
2.83330505,-2.17753314,-1.63773781,0.785082054,0.0732123385,-0.0422398938,-0.00973436734,0.996373919,-0.295250482,0.00223036051,-0.0130739727,0.422072211,-0.215422992,0.020648495,-0.242027043,0.00300806542,-0.0129499986,0.314789897,-0.161369547,0.0205621751,-0.0593793392,-0.0850551061,0.353762625,-0.596842994,1.23375266,-0.251888917,0.0130076916,-0.488098862,0.649650379,0.878417166,0.307436678
2.86663805,-2.17858029,-1.63514638,0.784857917,0.0714073892,-0.044109951,-0.00773305244,0.996441417,-0.296700189,0.000894592303,-0.0163326229,0.418721326,-0.214651779,0.0174342046,-0.250218382,0.00169717142,-0.0162804965,0.32935304,-0.171772167,0.0173890689,-0.061502168,-0.0861527979,0.360805932,-0.594334658,1.23614289,-0.251876146,0.0128488075,-0.486413416,0.643136508,0.893458436,0.311852036
2.89997105,-2.17972873,-1.63206307,0.784461147,0.0691702336,-0.0464617444,-0.00537990879,0.996507823,-0.299689094,-0.000641566207,-0.020394064,0.416479139,-0.214473424,0.0135700577,-0.260856097,0.000142219198,-0.0204021835,0.347766488,-0.184601676,0.013578743,-0.0640329159,-0.087369848,0.369331031,-0.590174848,1.23871897,-0.251871448,0.0120794265,-0.484272586,0.635552122,0.911486274,0.317289611
2.93330405,-2.18092682,-1.62847587,0.783859663,0.0666048164,-0.0491562638,-0.00268281663,0.996564229,-0.30413745,-0.00230515918,-0.0250458164,0.415767163,-0.215119827,0.00901630369,-0.273693232,-0.0016163716,-0.0250915213,0.369903086,-0.199707609,0.0090921984,-0.0665511304,-0.088865039,0.379372112,-0.584718341,1.24142594,-0.251869053,0.0107921477,-0.481895567,0.627704028,0.932169051,0.322801109
2.96663705,-2.1821994,-1.62436081,0.783037348,0.064038977,-0.0526689539,0.000502369197,0.99655644,-0.310808668,-0.00414691683,-0.0295792589,0.416221352,-0.216445087,0.00376272607,-0.289804843,-0.00367245512,-0.029633121,0.395515093,-0.216747332,0.00391291682,-0.068701863,-0.0908362393,0.390991689,-0.578448888,1.24433045,-0.252316418,0.00895543628,-0.479603315,0.620451212,0.955120254,0.327393911
2.99997005,-2.18340942,-1.61968794,0.78187101,0.0612684195,-0.0567266229,0.00409965211,0.996499606,-0.320201129,-0.00610653314,-0.034404982,0.419697023,-0.21925628,-0.00229483551,-0.309116609,-0.00595237196,-0.0344269385,0.4255465,-0.236188815,-0.00206311573,-0.07054231,-0.0934319735,0.404302051,-0.570871872,1.24721753,-0.25394118,0.00596307125,-0.477285964,0.613667488,0.980327225,0.331398427
3.03330306,-2.18427176,-1.61445528,0.780224541,0.0583004164,-0.0621906516,0.00793233628,0.996328491,-0.335661881,-0.00766117836,-0.0396046267,0.428370674,-0.224098933,-0.00933455414,-0.333921923,-0.00790037941,-0.0395546656,0.459831764,-0.257289101,-0.00902021317,-0.0712962695,-0.0972954272,0.419054537,-0.562448379,1.24934737,-0.256472589,0.00178177337,-0.474711434,0.607859567,1.00686804,0.333859823
3.06663606,-2.18462776,-1.60867418,0.777953595,0.0551061962,-0.0687656309,0.012040787,0.996036954,-0.357359995,-0.0090254287,-0.0451500024,0.443480863,-0.231472698,-0.0173767034,-0.364287544,-0.00972067487,-0.0450013715,0.499409704,-0.280450002,-0.0169852587,-0.0716521567,-0.102986044,0.435100994,-0.553127583,1.25078821,-0.260772036,-0.00418797247,-0.47214764,0.603393453,1.03398282,0.335592381
3.09996906,-2.18413613,-1.60248406,0.775101552,0.0518527556,-0.0774725692,0.0162862159,0.995511955,-0.387481041,-0.00985042139,-0.0507456638,0.463682902,-0.239890867,-0.0263918626,-0.401949798,-0.0110185028,-0.0504924682,0.541582811,-0.303282237,-0.0259454824,-0.0709920273,-0.110596005,0.451527966,-0.542905736,1.24991031,-0.266418031,-0.0118162749,-0.47037955,0.602334339,1.05900425,0.337354734
3.13330206,-2.18314727,-1.59603864,0.771661069,0.0488162711,-0.087558,0.0206626756,0.994748019,-0.423427637,-0.0103763516,-0.0557598923,0.48835184,-0.249815638,-0.0360488349,-0.444627208,-0.0120007846,-0.0554096714,0.585902429,-0.326110476,-0.0355905198,-0.0689808681,-0.11997448,0.46787044,-0.53327241,1.24686132,-0.274249241,-0.021050944,-0.46986903,0.602426921,1.08052253,0.339653978
3.16663506,-2.18124829,-1.58953904,0.767731061,0.0466008704,-0.0993780852,0.0249661155,0.993644327,-0.465729511,-0.00986899018,-0.059152347,0.515946627,-0.25985828,-0.0462320064,-0.492942492,-0.0118474005,-0.0587541145,0.629876628,-0.346507613,-0.0458464975,-0.0644377144,-0.130653599,0.483480146,-0.525226175,1.23851652,-0.285149932,-0.0316169555,-0.471250882,0.606886998,1.09766933,0.343492937
3.19996806,-2.17892039,-1.58343358,0.763472285,0.0455604394,-0.112816667,0.0297125578,0.992125904,-0.511753022,-0.00975845966,-0.0596663476,0.543006903,-0.268939966,-0.0559032186,-0.545994252,-0.0119999901,-0.0592329335,0.673072989,-0.364694162,-0.0556912619,-0.0579534844,-0.142115646,0.496020376,-0.517810035,1.22585307,-0.298082286,-0.0438031979,-0.475611999,0.614617228,1.10960379,0.349077093
3.23330106,-2.176363,-1.57803333,0.759007002,0.0453041127,-0.12750307,0.0351413993,0.990179573,-0.559775732,-0.0111533562,-0.0575897803,0.56781243,-0.276308092,-0.064391969,-0.602478357,-0.0135743439,-0.0570714504,0.715222456,-0.380950201,-0.0644234949,-0.0503376687,-0.154394705,0.504781668,-0.511515824,1.20914073,-0.312193187,-0.057934773,-0.483160638,0.624847011,1.11550444,0.355478035
3.26663406,-2.17389,-1.57343854,0.754643189,0.0460532109,-0.143138398,0.041168182,0.987773092,-0.607518574,-0.0136522404,-0.0524219718,0.588157857,-0.281418967,-0.0714351703,-0.660166042,-0.0160801192,-0.0517487122,0.753723895,-0.394288362,-0.0717701376,-0.0425256038,-0.167076249,0.50996228,-0.507698645,1.18911995,-0.325987307,-0.0739409382,-0.492261493,0.631820344,1.11697343,0.362654901
3.29996706,-2.17162245,-1.56962792,0.750873432,0.0478488147,-0.159231832,0.0476067988,0.984931118,-0.651968965,-0.0166307784,-0.0442453109,0.600386813,-0.282644008,-0.0770125563,-0.716070031,-0.0188104277,-0.0433385993,0.784855482,-0.402987719,-0.0776819471,-0.0356405719,-0.179611421,0.511715389,-0.506639348,1.16688235,-0.337444888,-0.0912608409,-0.500172417,0.63298016,1.11694267,0.372122463
3.33330006,-2.16976925,-1.5666647,0.747795446,0.0500736924,-0.175290378,0.0544341406,0.981734604,-0.691922262,-0.0207806147,-0.0341408792,0.604395766,-0.280145813,-0.0809184364,-0.768780596,-0.022452282,-0.0328213479,0.809196539,-0.408093334,-0.0818832907,-0.0311797435,-0.191930775,0.510178969,-0.508221109,1.1442285,-0.344696,-0.10899193,-0.505414461,0.623519671,1.11607759,0.387190224
3.36663306,-2.16826619,-1.56453274,0.745643018,0.0518905136,-0.190870717,0.0614450541,0.978315005,-0.726011867,-0.0266415185,-0.0238375052,0.598301633,-0.272582179,-0.0832014622,-0.816653201,-0.0276312181,-0.0217962936,0.825843793,-0.409517405,-0.0843582537,-0.029760356,-0.204939664,0.50490655,-0.513950803,1.12299389,-0.347479651,-0.126332455,-0.508393087,0.609448794,1.11533345,0.406606445
3.39996606,-2.1669895,-1.56312398,0.744024792,0.0536036231,-0.205835526,0.0683505312,0.974723855,-0.756213997,-0.0333150642,-0.0132209475,0.587029248,-0.262613611,-0.0842104085,-0.860914844,-0.0333743493,-0.0101887429,0.83771567,-0.4086639,-0.0854633119,-0.0308325354,-0.219148947,0.498258491,-0.525364397,1.10268386,-0.347891904,-0.143691741,-0.510392962,0.598088654,1.11466431,0.426122478
3.43329906,-2.16565093,-1.56236478,0.742523997,0.0559130216,-0.220766894,0.0748334232,0.970842763,-0.78630721,-0.0391862497,-0.00149723199,0.575722921,-0.252728851,-0.0843201876,-0.904379465,-0.0379273403,0.00257936486,0.84672058,-0.405741424,-0.0856057596,-0.0327107129,-0.23482614,0.491878052,-0.540669649,1.08170941,-0.345417758,-0.161756343,-0.512375032,0.593159006,1.11354858,0.441638953
3.46663206,-2.1641296,-1.56214766,0.74073426,0.0597685443,-0.235721225,0.0803109177,0.9666506,-0.819237567,-0.0417497775,0.0122037418,0.571249781,-0.246800901,-0.08398476,-0.948069127,-0.038667069,0.0168951649,0.854244244,-0.401036842,-0.0852863545,-0.0337906431,-0.25155322,0.488789532,-0.559584739,1.05816014,-0.342470276,-0.18090714,-0.513873112,0.593683629,1.11268389,0.451167807
3.49996506,-2.16219775,-1.56256952,0.738321719,0.0656774193,-0.250913471,0.0848695785,0.96204263,-0.857465517,-0.0403437584,0.0287823485,0.5775801,-0.246724028,-0.0831305526,-0.993858353,-0.034919407,0.0334257033,0.862170658,-0.394915773,-0.0844043618,-0.0331528746,-0.269090295,0.490570992,-0.580547869,1.03145957,-0.337773263,-0.202126741,-0.514738262,0.598593116,1.11287916,0.456013441
3.53329806,-2.15977197,-1.56362648,0.734873834,0.0731689781,-0.266114265,0.0887838528,0.957051158,-0.902285993,-0.035507142,0.0475583686,0.59784705,-0.253893723,-0.0817630775,-1.0428509,-0.0274922102,0.051537467,0.874008996,-0.389336334,-0.0828911646,-0.0310684256,-0.287364751,0.497073293,-0.599364698,1.00239432,-0.331831425,-0.224966109,-0.515051961,0.606858015,1.11414504,0.458323807
3.56663107,-2.1569279,-1.56531495,0.729691184,0.0804399401,-0.281767994,0.0923208818,0.95163703,-0.956913602,-0.0290847211,0.065728291,0.635122402,-0.269234652,-0.079885546,-1.098182,-0.0188077227,0.0687674627,0.895470857,-0.387984427,-0.0807087201,-0.0306015834,-0.30638665,0.507947743,-0.613042951,0.973759651,-0.327520639,-0.249269038,-0.514487088,0.617365241,1.11621284,0.461327255
3.59996407,-2.15393743,-1.56762264,0.722617323,0.0857585222,-0.297190815,0.0964203104,0.946058273,-1.01838052,-0.0250327001,0.0817145073,0.68490236,-0.290231513,-0.0771120793,-1.15953332,-0.0129503761,0.0842365399,0.930203329,-0.393890153,-0.0774743576,-0.0335630663,-0.326130211,0.522747517,-0.622688055,0.948934436,-0.324241012,-0.274916768,-0.51409328,0.628212214,1.11952555,0.464767039
3.63329707,-2.15059354,-1.57045481,0.714194532,0.0913384929,-0.312895566,0.100582428,0.940019608,-1.08486169,-0.0193839027,0.0982217522,0.742413741,-0.314679737,-0.0737428772,-1.22539012,-0.00560979591,0.100104849,0.970467208,-0.401543568,-0.073483998,-0.0371147878,-0.346701086,0.541654885,-0.629861891,0.928163707,-0.319548011,-0.300816,-0.514186502,0.637670279,1.12320757,0.467205346
3.66663007,-2.14700523,-1.57378965,0.704199322,0.096148774,-0.328568935,0.105275787,0.933656752,-1.15547771,-0.0142605548,0.114398134,0.806203814,-0.341619418,-0.0696130834,-1.29595601,0.0011073567,0.115855663,1.01850283,-0.412609259,-0.0685724154,-0.0413112827,-0.366873294,0.564234495,-0.633589447,0.909643412,-0.314529598,-0.325896919,-0.514823973,0.643340886,1.12682319,0.470335275
3.69996307,-2.14337734,-1.57768051,0.692615954,0.100489236,-0.343961477,0.110670008,0.92700839,-1.22885571,-0.0096675056,0.131187091,0.875270218,-0.370972888,-0.0644809274,-1.37041628,0.00740870352,0.132456907,1.07376132,-0.426889166,-0.0624475006,-0.0457826443,-0.386066675,0.59032321,-0.634861469,0.892587841,-0.308059335,-0.349813849,-0.517260849,0.648230672,1.1308217,0.474832118
3.73329607,-2.13976491,-1.58199756,0.679579637,0.104452007,-0.358385772,0.116648264,0.920349181,-1.30266997,-0.00528325147,0.148650304,0.948296734,-0.402257496,-0.0584988349,-1.4465336,0.0137033102,0.149936907,1.13494262,-0.443819841,-0.0552423595,-0.0499549918,-0.403399706,0.619288146,-0.634062409,0.876137137,-0.299278498,-0.371538907,-0.522023559,0.654615402,1.13491976,0.476377994
3.76662907,-2.13599039,-1.58654789,0.665229405,0.108137965,-0.371694207,0.122778706,0.913824379,-1.37626104,-1.79468269e-06,0.166118453,1.0243157,-0.434626249,-0.0520948053,-1.52312931,0.0210154385,0.167467547,1.19992022,-0.461922702,-0.0474091021,-0.0532846339,-0.418150514,0.650088012,-0.629231632,0.859927595,-0.290317088,-0.390064478,-0.528268695,0.661519587,1.13824344,0.475897402
3.79996207,-2.13211231,-1.59117765,0.649737328,0.112248093,-0.383769035,0.128460705,0.907534897,-1.44873069,0.0082234536,0.183075985,1.10335996,-0.468343617,-0.0456200163,-1.59864449,0.0312375687,0.184243593,1.26647618,-0.479897017,-0.0393065114,-0.0548620708,-0.429361582,0.682515621,-0.620235384,0.844389617,-0.283693761,-0.405086488,-0.535193384,0.668589771,1.14059031,0.475692779
3.83329507,-2.12825117,-1.59582649,0.633415989,0.117440812,-0.394852281,0.133654848,0.901352167,-1.51927574,0.0204364211,0.199720236,1.18386522,-0.502959681,-0.0390904308,-1.67248814,0.0454423052,0.200329246,1.33231899,-0.4963737,-0.0308784002,-0.0541548543,-0.4367854,0.716273665,-0.608117342,0.83051163,-0.280061364,-0.417924047,-0.542317927,0.676253736,1.14271498,0.475268871
3.86662807,-2.12459074,-1.60020267,0.616687498,0.12296515,-0.404893696,0.13821502,0.895453691,-1.58656145,0.0353518955,0.214444225,1.26335808,-0.537207308,-0.0329198039,-1.74324575,0.0621842681,0.214219568,1.39631695,-0.511547672,-0.0226494794,-0.0524515547,-0.440955669,0.751424611,-0.593845844,0.818610251,-0.278144002,-0.428976566,-0.548196912,0.68235749,1.14591742,0.476082653
3.89996107,-2.12103189,-1.60423092,0.599668697,0.128170282,-0.413923532,0.142269626,0.889943302,-1.65076568,0.0514206808,0.226707933,1.34082441,-0.570093637,-0.0272099449,-1.81121721,0.079916221,0.22553074,1.45873577,-0.525592887,-0.0147929341,-0.0515995473,-0.442249954,0.788340628,-0.578782141,0.808413088,-0.278505474,-0.439404875,-0.55104965,0.684390128,1.15175653,0.478811443
3.93329407,-2.11729854,-1.60791845,0.582195834,0.133129209,-0.421955764,0.145799369,0.884857297,-1.71293819,0.0687550187,0.236369522,1.41723992,-0.601525425,-0.0220691275,-1.87740798,0.0987197714,0.234080143,1.52015649,-0.538085392,-0.00742712386,-0.0521808155,-0.440869212,0.82681191,-0.562687695,0.800778508,-0.279183507,-0.450423241,-0.550447285,0.683849692,1.16100883,0.481613994
3.96662707,-2.11336441,-1.61130177,0.564433352,0.138261408,-0.428821981,0.148841754,0.880250871,-1.77249664,0.0876837693,0.243760877,1.49237549,-0.631449527,-0.0174442427,-1.94139319,0.118959188,0.240151149,1.57987244,-0.548358381,-0.000429398447,-0.0548956506,-0.436798334,0.866662204,-0.544806242,0.794881582,-0.279502809,-0.462122679,-0.5471856,0.681554139,1.17207205,0.484260917
3.99996007,-2.10925788,-1.61417378,0.546672074,0.141780078,-0.434550166,0.152441248,0.876256943,-1.82901667,0.103877839,0.250047823,1.56281826,-0.657594099,-0.0134814841,-2.00367289,0.13684935,0.245380428,1.63882419,-0.557424609,0.005968693,-0.0624308959,-0.429427743,0.906670094,-0.521565974,0.789109886,-0.283360094,-0.473161578,-0.541637182,0.678128421,1.18322682,0.488628715
4.03329307,-2.10494937,-1.61633847,0.528729341,0.142365992,-0.438844681,0.156506374,0.873300076,-1.8829468,0.115046352,0.254686879,1.62902412,-0.679432433,-0.0106818678,-2.06426001,0.150115359,0.249407053,1.69910877,-0.566737473,0.0109642308,-0.0762919635,-0.417776614,0.949405253,-0.495343894,0.780994773,-0.292923927,-0.481702149,-0.534366429,0.677694619,1.19478881,0.492500663
4.06662607,-2.10032236,-1.61798337,0.509922913,0.14177227,-0.44118169,0.159525812,0.871671319,-1.93534549,0.125402239,0.255526603,1.69677305,-0.699723045,-0.00921741569,-2.1228626,0.162176294,0.249550258,1.76153259,-0.575608953,0.0143166112,-0.0963885337,-0.398745745,0.997649312,-0.468348116,0.767947555,-0.300811857,-0.485747159,-0.526290536,0.681104362,1.20634854,0.493871063
4.09995908,-2.09524581,-1.6190502,0.489874145,0.134810463,-0.43962425,0.165517136,0.872445226,-1.98292511,0.122558375,0.261383954,1.76057217,-0.713929761,-0.00836386181,-2.18029592,0.163583679,0.256433538,1.83431229,-0.588335554,0.017064281,-0.125678241,-0.369564831,1.04745078,-0.433028966,0.752179086,-0.308392376,-0.483650684,-0.51844275,0.684931338,1.21619892,0.494281083
4.13329208,-2.09087309,-1.6195601,0.470297067,0.130939513,-0.437518328,0.167467237,0.873720348,-2.02808531,0.127434427,0.258422312,1.82671229,-0.729948925,-0.00957431694,-2.23177525,0.17023261,0.253129425,1.89994692,-0.597483898,0.017132755,-0.149220377,-0.331698835,1.09723425,-0.389680713,0.738366365,-0.322172731,-0.4743779,-0.509253323,0.686330855,1.22533023,0.494222999
4.16662508,-2.08792327,-1.61905292,0.452504244,0.13309446,-0.431423873,0.164749458,0.876936078,-2.05834845,0.142627734,0.244854429,1.89551672,-0.752553842,-0.013958938,-2.26574194,0.184110215,0.23700949,1.9570663,-0.605496339,0.0133268453,-0.159395099,-0.282788604,1.14060783,-0.341535777,0.731299758,-0.344373286,-0.455474794,-0.498592287,0.684484839,1.23784769,0.494210333
4.19995808,-2.08636166,-1.61792004,0.436665739,0.139977545,-0.419744015,0.158436537,0.882677257,-2.0698517,0.163500677,0.223384006,1.96536421,-0.781664359,-0.0206470069,-2.27990439,0.201434158,0.211737772,2.00855548,-0.614982904,0.00690832327,-0.160206228,-0.226599142,1.17503786,-0.297336787,0.732322097,-0.368986785,-0.427559674,-0.487543464,0.679629028,1.25501156,0.495520055
4.23329108,-2.07925669,-1.61787871,0.422408491,0.144026816,-0.405629247,0.154059038,0.889374495,-2.08515655,0.178654398,0.20507785,2.01758159,-0.7854,-0.0268250068,-2.29795441,0.214036224,0.190898582,2.04683825,-0.603075575,0.00127181681,-0.162550449,-0.169818252,1.19825399,-0.259654701,0.739091516,-0.396820307,-0.394954652,-0.47999084,0.672506332,1.27225375,0.495465517
4.26662408,-2.07238534,-1.61812168,0.407362043,0.144678161,-0.389651865,0.152070731,0.896724105,-2.09876683,0.185910145,0.193046091,2.06710151,-0.7854,-0.031773468,-2.31708942,0.220814797,0.177370224,2.09026535,-0.591979413,-0.00287713225,-0.169448182,-0.114169762,1.21166635,-0.232255906,0.75114733,-0.424573869,-0.359494716,-0.478114277,0.669703186,1.28666008,0.485494614
4.29995708,-2.06660512,-1.61828695,0.391193516,0.142826155,-0.372818887,0.151416019,0.904256582,-2.11211759,0.187810698,0.184484048,2.11735714,-0.7854,-0.0364145781,-2.33805081,0.223506392,0.167749984,2.13951195,-0.58356027,-0.00676127171,-0.179550841,-0.0581284948,1.21561337,-0.215941295,0.765687108,-0.441967815,-0.319374055,-0.481024951,0.671072185,1.29910862,0.463498265
4.33329008,-2.06170985,-1.61860354,0.372124838,0.13619329,-0.350248933,0.152510062,0.914066613,-2.12011837,0.179855631,0.183166939,2.17355337,-0.7854,-0.0398465177,-2.35715112,0.219073921,0.166437119,2.20421743,-0.580462959,-0.0095354543,-0.19515337,0.00484027807,1.20941269,-0.213956505,0.777663887,-0.447816342,-0.268763781,-0.483855039,0.650824368,1.31364071,0.444127649
4.36662308,-2.05822938,-1.61940044,0.352396491,0.125929281,-0.323937833,0.157484308,0.924340189,-2.11945917,0.164920916,0.196904371,2.22776362,-0.7854,-0.0394986772,-2.37332777,0.21296408,0.182125825,2.27648591,-0.580200523,-0.00660000081,-0.218017921,0.0758431777,1.19535995,-0.226126626,0.788072109,-0.443987817,-0.218609303,-0.486273885,0.607519388,1.33523142,0.431839854
4.39995608,-2.05572178,-1.61943893,0.3341899,0.117892198,-0.30065012,0.160624385,0.932690084,-2.12182442,0.154824168,0.203421089,2.27844529,-0.7854,-0.0422466152,-2.39075702,0.209931209,0.189939512,2.33909924,-0.575928592,-0.00691357546,-0.237298325,0.14396444,1.17188025,-0.243880063,0.801398098,-0.432332039,-0.175364554,-0.484690696,0.54975909,1.36681306,0.431432784
4.43328908,-2.05425903,-1.61725746,0.335218329,0.111931324,-0.277507156,0.16324617,0.94011265,-2.07131411,0.138006604,0.21164711,2.275305,-0.7854,-0.0494422616,-2.34366123,0.196421071,0.200133254,2.3562,-0.591497123,-0.0156014017,-0.247119591,0.210406557,1.14216983,-0.269760132,0.81479013,-0.422272533,-0.139620125,-0.479869753,0.482948691,1.40422451,0.441502869
4.46662208,-2.04704455,-1.61573251,0.333973818,0.11360316,-0.255908936,0.163320914,0.946008027,-2.04210532,0.139368649,0.204602321,2.27415436,-0.767845399,-0.060335166,-2.31878204,0.196788837,0.190393093,2.3562,-0.571173387,-0.0281750718,-0.242359132,0.274603516,1.10459793,-0.302229017,0.826131463,-0.414289355,-0.109884135,-0.471282601,0.408160597,1.43641961,0.455232263
4.49995508,-2.03598702,-1.61367245,0.328166617,0.116160288,-0.232765213,0.163198456,0.95167923,-2.02977516,0.145781724,0.187454778,2.27905327,-0.736189884,-0.0782122481,-2.31347319,0.199658756,0.167513103,2.3562,-0.528766998,-0.0491640525,-0.232596815,0.331665307,1.06005204,-0.338127941,0.839372218,-0.407046676,-0.0818450972,-0.460317343,0.332561672,1.46377254,0.469761699
4.53328808,-2.02682745,-1.60857692,0.32191769,0.117574491,-0.217220619,0.162327811,0.955322504,-2.03035112,0.149853858,0.154169774,2.28462226,-0.708671666,-0.109204524,-2.31896245,0.193103657,0.124720233,2.3562,-0.492654598,-0.0890440744,-0.226025954,0.378818899,1.00964403,-0.374949306,0.856838942,-0.400003225,-0.053063374,-0.447752029,0.261034071,1.48729169,0.483554691
4.56662108,-2.01462972,-1.60502914,0.315300434,0.115845047,-0.192517966,0.165109932,0.960341334,-2.01772001,0.146185365,0.136966439,2.28122498,-0.667770426,-0.134885482,-2.31436909,0.183729364,0.100301135,2.3562,-0.447775854,-0.122388216,-0.224744394,0.414809823,0.954636157,-0.410705298,0.879705548,-0.393162757,-0.0224640556,-0.433938652,0.196803376,1.50833738,0.495999426
4.59995408,-2.00030661,-1.603288,0.308499982,0.106322169,-0.164924264,0.170516104,0.965618908,-2.00634642,0.127956849,0.137378557,2.2646906,-0.608893108,-0.152316771,-2.30867944,0.164690747,0.0976868286,2.3562,-0.399096334,-0.147509309,-0.236463502,0.439456791,0.896381497,-0.443845838,0.908346772,-0.38688159,0.0100368392,-0.418945819,0.141899541,1.52838373,0.507106841
4.63328708,-1.98490955,-1.6026019,0.300211742,0.0940490514,-0.13591589,0.17802316,0.970046103,-1.99698989,0.105653683,0.147721062,2.24350681,-0.541990277,-0.166109818,-2.30775662,0.144886192,0.106765176,2.3562,-0.34390624,-0.167973603,-0.256040961,0.453318089,0.836269498,-0.473216444,0.942601621,-0.381719857,0.0438220128,-0.402678758,0.0974798873,1.54882133,0.517283022
4.66662009,-1.96947339,-1.60202096,0.292149089,0.0747385249,-0.108281024,0.182970017,0.974274755,-1.99390226,0.068860033,0.157854334,2.21364961,-0.465791338,-0.179911625,-2.30513886,0.108735395,0.119362305,2.3562,-0.29582488,-0.191057692,-0.28039515,0.457440227,0.775675058,-0.498045444,0.981969535,-0.378326893,0.0778159127,-0.384986311,0.064048931,1.57080257,0.527161956
4.69995309,-1.95734576,-1.60129142,0.284890777,0.0538229272,-0.0888629258,0.177541062,0.978614151,-2.00759662,0.0236023835,0.145902262,2.18922768,-0.395451565,-0.197282776,-2.3025148,0.0523863224,0.110449562,2.3562,-0.266451594,-0.222930299,-0.302826047,0.453163922,0.715910733,-0.517941535,1.02576029,-0.377350837,0.110705614,-0.365754783,0.0416128412,1.59513509,0.537486076
4.73328609,-1.94821486,-1.60035712,0.278051422,0.0385437682,-0.0732254609,0.167370945,0.98241508,-2.02234054,-0.0162179822,0.120108617,2.17572298,-0.340571309,-0.218041204,-2.29684908,-0.00416400941,0.0846664923,2.3562,-0.24671025,-0.259213011,-0.307717681,0.441970706,0.658185482,-0.53287816,1.07321179,-0.379369169,0.141156688,-0.34498477,0.0297973845,1.62223232,0.549021244
4.76661909,-1.94124395,-1.59993242,0.272288162,0.0275353584,-0.0597260408,0.156585932,0.985472202,-2.03277994,-0.0498670727,0.0942788826,2.16777644,-0.298113773,-0.236220118,-2.28731606,-0.0522541682,0.0589298932,2.3562,-0.233178431,-0.28894317,-0.298572689,0.425362915,0.60357219,-0.543149292,1.12358356,-0.384840161,0.168028638,-0.322843015,0.0279416349,1.65210629,0.562498808
4.79995209,-1.93561137,-1.59968259,0.267942869,0.0173185412,-0.047997687,0.144400194,0.98820287,-2.04058163,-0.0843109214,0.0673371746,2.16069106,-0.26186136,-0.253319579,-2.27222959,-0.0985988213,0.0338064546,2.3562,-0.227608516,-0.313548755,-0.282591015,0.404775649,0.552984118,-0.549298704,1.1762228,-0.394073069,0.190578312,-0.299690634,0.035180755,1.6844033,0.578571796
4.83328509,-1.93058763,-1.59914778,0.264433405,0.00879847351,-0.0356124192,0.133115456,0.990421414,-2.0410355,-0.116822853,0.0409162194,2.15449755,-0.231787795,-0.27112275,-2.25141076,-0.140353242,0.00930233884,2.3562,-0.225404583,-0.33613443,-0.257843852,0.381520331,0.507159114,-0.552040637,1.2306006,-0.407211959,0.208632424,-0.276087105,0.0505186133,1.71851051,0.597770691
4.86661809,-1.92590596,-1.59865825,0.260987033,0.000988707994,-0.0235369671,0.122258335,0.992218673,-2.0400219,-0.148692179,0.0149495432,2.14899115,-0.203910697,-0.289314488,-2.23012729,-0.179200268,-0.0141992273,2.3562,-0.223495663,-0.356619328,-0.224630043,0.356753349,0.466649771,-0.552184701,1.28632259,-0.424223661,0.222467124,-0.252764314,0.0728773773,1.75357687,0.620460331
4.89995109,-1.92142935,-1.59862009,0.256922233,-0.00667796191,-0.0122057749,0.111123532,0.993709207,-2.04188344,-0.180723286,-0.0105360179,2.14436156,-0.174890069,-0.307043277,-2.21216098,-0.216322017,-0.0357985688,2.3562,-0.219075602,-0.373881669,-0.187856495,0.33146289,0.431819052,-0.550568342,1.34311771,-0.444887251,0.232665688,-0.230583861,0.101130947,1.78859937,0.646797836
4.93328409,-1.91725743,-1.59891172,0.252481472,-0.0147599922,-0.00147694827,0.0986863449,0.995008051,-2.04623393,-0.214895918,-0.0376457982,2.14025271,-0.144315479,-0.324907545,-2.19540737,-0.253735492,-0.0565712415,2.3562,-0.213863316,-0.387657798,-0.15216732,0.306466013,0.40283975,-0.547989607,1.40081453,-0.468791455,0.23997435,-0.210480675,0.134119213,1.8225373,0.676695168
4.96661709,-1.9134141,-1.59990092,0.247299502,-0.0224832483,0.00906380545,0.085231863,0.996066213,-2.05346817,-0.248725399,-0.0644444678,2.13780524,-0.111996419,-0.340810836,-2.181736,-0.288814387,-0.074303535,2.3562,-0.205117832,-0.395716219,-0.121538505,0.282410562,0.379697323,-0.5451473,1.45931125,-0.495346516,0.24517633,-0.193397105,0.170648292,1.85442269,0.709789515
4.99995009,-1.90988716,-1.60182701,0.241242999,-0.0309880357,0.018568933,0.0697802305,0.996908069,-2.06728946,-0.284791934,-0.0907680072,2.13591022,-0.0751784661,-0.354268918,-2.17374947,-0.323115569,-0.0870935047,2.3562,-0.19234554,-0.395772905,-0.103813082,0.259779394,0.362196654,-0.54260087,1.51853538,-0.523813486,0.248997539,-0.18021208,0.209490523,1.88343942,0.745429933
5.03328309,-1.90664815,-1.60515109,0.233869809,-0.0402882025,0.027369285,0.0504893996,0.997536242,-2.09003498,-0.325393463,-0.118254093,2.13541075,-0.0312539181,-0.365243522,-2.1715329,-0.357067994,-0.0949040219,2.3562,-0.174238676,-0.384950366,-0.0989553481,0.238897979,0.349970907,-0.540752292,1.57838714,-0.553353488,0.252047747,-0.17167446,0.249395654,1.90896916,0.782687962
5.06661609,-1.9041723,-1.60895415,0.226350529,-0.0490033701,0.0354244485,0.0308683868,0.997692823,-2.11641139,-0.363004489,-0.141831932,2.13587783,0.0138166773,-0.37178046,-2.17525208,-0.384489293,-0.0948679612,2.3562,-0.151987695,-0.364948013,-0.101422243,0.219947219,0.342495143,-0.539852023,1.63866544,-0.58309406,0.254792362,-0.168349147,0.289118201,1.9306016,0.820390224
5.09994909,-1.90296423,-1.61166002,0.220270421,-0.054357551,0.0425063893,0.0195998419,0.997423828,-2.14011715,-0.378257186,-0.148825926,2.13702091,0.0511005859,-0.367848403,-2.19073071,-0.395456497,-0.0822458087,2.3562,-0.123961756,-0.34456611,-0.104537405,0.202977762,0.339111567,-0.540026903,1.69899297,-0.612197042,0.257544667,-0.170583084,0.327462018,1.94811857,0.857171297
5.13328209,-1.90243602,-1.615825,0.213512225,-0.0584065914,0.0491984449,0.00924515259,0.997036994,-2.17405171,-0.383315087,-0.143387283,2.13879003,0.099997099,-0.35265939,-2.22025504,-0.391672947,-0.0527505001,2.3562,-0.0845692711,-0.307989869,-0.10749314,0.187919468,0.339075357,-0.541318834,1.75878453,-0.639912009,0.260468751,-0.178498298,0.363336444,1.96145284,0.891542912
5.16661509,-1.90300945,-1.62156149,0.204765407,-0.0625290945,0.0534408353,-2.90918579e-05,0.996611357,-2.22711478,-0.380522886,-0.123286972,2.13977549,0.167569014,-0.328765737,-2.27271145,-0.367813562,0.000425530752,2.3562,-0.0279100899,-0.248533993,-0.107744075,0.174587607,0.341620535,-0.54371804,1.81727898,-0.66560322,0.263587743,-0.192014188,0.395812899,1.97062182,0.921975613
5.1999481,-1.90585281,-1.62662805,0.195595101,-0.0644889474,0.0560785718,-0.00560536329,0.996325731,-2.2905568,-0.359175327,-0.0932960033,2.146172,0.234252608,-0.295708145,-2.33660784,-0.317572927,0.0659346481,2.3562,0.0395684861,-0.17167234,-0.104207262,0.162693873,0.346040785,-0.547187805,1.87361526,-0.688750088,0.266798258,-0.210890546,0.424174905,1.97564065,0.946991384
5.2332811,-1.91074256,-1.62908925,0.188929123,-0.0632463992,0.0583466589,-0.00817494094,0.996257365,-2.35093049,-0.320306679,-0.0672107886,2.15968069,0.284876636,-0.255001669,-2.39171137,-0.246985086,0.125070417,2.3562,0.102320137,-0.0883749101,-0.0992991403,0.151871935,0.351780951,-0.551681757,1.92691922,-0.708930969,0.269891381,-0.234778464,0.44796291,1.97642982,0.96526742
5.2666141,-1.91717712,-1.6285691,0.187682289,-0.0588830709,0.0599961132,-0.00987950712,0.996411383,-2.39624022,-0.276432428,-0.0585394025,2.1779057,0.313799977,-0.218874047,-2.42461994,-0.16995923,0.167031063,2.3562,0.143244871,-0.00722342854,-0.0954263732,0.141721204,0.35853231,-0.557159305,1.97638702,-0.725796998,0.272577375,-0.263269752,0.467005432,1.97273803,0.975732982
5.2999471,-1.92342153,-1.62585407,0.192520593,-0.0573565327,0.0628079996,-0.00923917722,0.996333301,-2.41443601,-0.246291166,-0.0651956764,2.19040789,0.323548814,-0.205005041,-2.43477269,-0.104874873,0.201060235,2.3562,0.160646106,0.0621428782,-0.0965295509,0.131872579,0.366330355,-0.563605666,2.02136874,-0.739046335,0.274512023,-0.295934796,0.481426954,1.96409893,0.977627516
5.3332801,-1.92699163,-1.62280315,0.198459728,-0.0558515713,0.0649589971,-0.00753867626,0.996295214,-2.42300831,-0.212458488,-0.0720032946,2.1908753,0.333365272,-0.190097873,-2.43758258,-0.0511886093,0.229891965,2.34381295,0.177719231,0.122753398,-0.100213163,0.121972397,0.375443429,-0.57103169,2.06128716,-0.748407781,0.275325686,-0.332340598,0.491628081,1.94983459,0.970507741
5.3666131,-1.91932363,-1.61999234,0.198854315,-0.0554758087,0.0684757754,-0.00567814149,0.996092975,-2.43066647,-0.115246426,-0.0331463831,2.14987644,0.381434734,-0.0962582711,-2.4435,-0.0193012176,0.25104392,2.28800053,0.231822117,0.166170206,-0.107587777,0.111686885,0.386265665,-0.579473317,2.09556246,-0.753632486,0.274654269,-0.372048527,0.498241872,1.92910266,0.954218984
5.3999461,-1.92237725,-1.61583857,0.201865918,-0.0574570782,0.0744031146,-0.00601569563,0.995553434,-2.43019452,-0.0372493377,-0.00783138303,2.14865448,0.391230963,-0.0215630398,-2.4435,-0.0283096292,0.254613043,2.26541262,0.227524366,0.175909578,-0.119631149,0.100720309,0.399212331,-0.588985562,2.12354565,-0.75449264,0.272173226,-0.414592773,0.502069473,1.90098023,0.928852797
5.4332791,-1.92363465,-1.61045448,0.202392812,-0.0612988546,0.0810553432,-0.00812550168,0.99478966,-2.42282177,0.00217629248,-0.00762120507,2.13923542,0.41276959,0.0111213674,-2.4435,-0.0730033095,0.237152972,2.23065103,0.217056527,0.145257155,-0.135205775,0.0888416246,0.414619267,-0.599625707,2.14447522,-0.750785053,0.26763168,-0.459439427,0.503999531,1.86458337,0.894700527
5.4666121,-1.92340626,-1.6041697,0.198224122,-0.067297481,0.0874110162,-0.01103599,0.99383527,-2.41602603,0.0224618551,-0.01469561,2.11959532,0.443845724,0.0271106849,-2.4435,-0.119049964,0.219790567,2.18307939,0.214614172,0.10431143,-0.154167846,0.0759154633,0.432650924,-0.611422479,2.15746522,-0.742335737,0.260881245,-0.505929768,0.504918337,1.81922102,0.852214873
5.4999451,-1.9231528,-1.59753743,0.18992294,-0.0746198967,0.0922252908,-0.0137243858,0.99284339,-2.41132299,0.0336054742,-0.0224015988,2.09375009,0.474427806,0.0291072472,-2.4435,-0.155442867,0.208938553,2.12752534,0.21562826,0.071189645,-0.173164621,0.0619341396,0.453221679,-0.624335706,2.16153598,-0.729006827,0.251892179,-0.553219795,0.505625546,1.76458108,0.801988065
5.5332781,-1.92390938,-1.5910064,0.174868109,-0.0817912072,0.0958531648,-0.0151171284,0.991914213,-2.41346883,0.0476936664,-0.0288887265,2.06165306,0.512775836,0.017608728,-2.4435,-0.17885893,0.200667608,2.06181707,0.220231757,0.050955024,-0.184738725,0.0470485017,0.475934625,-0.638214946,2.15568662,-0.710710049,0.240754753,-0.600237727,0.506774604,1.70092404,0.744757116
5.5666111,-1.92945547,-1.58460306,0.147034293,-0.0780182332,0.105345026,-0.01638541,0.991235137,-2.4435,0.0884865695,-0.0402041056,2.03144147,0.570064025,0.0127022106,-2.43662317,-0.183695814,0.177919304,1.98101309,0.241486781,0.0346326948,-0.17594102,0.031594038,0.500044346,-0.652766287,2.13900256,-0.687427282,0.227673903,-0.645692647,0.508858442,1.62923527,0.681436121
5.5999441,-1.93375884,-1.58122404,0.131950696,-0.0678481236,0.115328483,-0.0171461161,0.99085921,-2.43083874,0.0984999962,-0.0765046459,1.99290955,0.567886266,-0.0363259961,-2.37191733,-0.169453771,0.159297824,1.88970195,0.224973628,0.0473662789,-0.152191281,0.0161072668,0.524452746,-0.667533934,2.11079383,-0.659235597,0.212968603,-0.68816936,0.51224798,1.55126929,0.613165438
5.6332771,-1.93078572,-1.5773272,0.130579013,-0.0623139031,0.127679929,-0.0164723005,0.989718914,-2.35627595,0.0692866632,-0.129420142,1.91989126,0.522826644,-0.127641693,-2.26369082,-0.166391759,0.130332932,1.78145788,0.193004625,0.0472388156,-0.131083503,0.00132628239,0.547750831,-0.681906462,2.0707438,-0.626333594,0.197087094,-0.726345956,0.517267048,1.46941364,0.541354477
5.6666101,-1.92889165,-1.57078877,0.129813075,-0.0610446408,0.144385248,-0.0185416043,0.987462759,-2.27145597,0.0523689677,-0.169738272,1.83002998,0.478520131,-0.191249455,-2.16012679,-0.169650434,0.0915015215,1.68358325,0.178310732,0.0288196558,-0.116740845,-0.01183837,0.568319321,-0.695156634,2.01905751,-0.589063168,0.18059735,-0.758827806,0.524281085,1.38608122,0.467681587
5.6999431,-1.92756108,-1.56343616,0.129015291,-0.0591739863,0.164189681,-0.0162206069,0.984518707,-2.18015315,0.0677993035,-0.17837129,1.72820163,0.443555277,-0.205964569,-2.06214744,-0.163547573,0.0571100769,1.59538946,0.179985633,0.00473012324,-0.106699795,-0.0223828983,0.584502637,-0.706524134,1.95658886,-0.547919273,0.164177746,-0.784133434,0.533758998,1.30274868,0.394050956
5.7332761,-1.92660538,-1.55695525,0.125914142,-0.0572082549,0.189729273,-0.00916583557,0.980125487,-2.08291845,0.102681973,-0.159277885,1.62797231,0.41956704,-0.196934746,-1.97113123,-0.145019742,0.0410979161,1.52062748,0.184059843,-0.010013311,-0.101064704,-0.0293568708,0.594874203,-0.715340912,1.88492405,-0.503549755,0.148581564,-0.800816894,0.546279848,1.21941614,0.322505027
5.76660911,-1.92732796,-1.55113928,0.120327659,-0.0514876619,0.220189989,0.00725792069,0.974070191,-1.97362678,0.14364242,-0.122796361,1.5292857,0.400549676,-0.190360714,-1.88441948,-0.118800128,0.0446545719,1.45583737,0.184323515,-0.0133974184,-0.10271807,-0.0320888907,0.59861213,-0.721184671,1.80638909,-0.456756562,0.134548768,-0.807693541,0.562460423,1.13769865,0.255092055
5.79994211,-1.9295631,-1.54581104,0.116572124,-0.0571475103,0.257692337,0.0193438865,0.964341581,-1.83799901,0.162469323,-0.0770213488,1.41754502,0.381317091,-0.19134887,-1.7860428,-0.109793909,0.0594388747,1.3954625,0.17335687,-0.0092222128,-0.126506552,-0.0304865483,0.596016467,-0.72403574,1.72394681,-0.408500135,0.122650973,-0.804113746,0.582791924,1.06123507,0.193698436
5.83327511,-1.93252726,-1.54367286,0.113078932,-0.0695195273,0.296692252,0.0235003345,0.952149391,-1.6898792,0.155558926,-0.0398021138,1.29099878,0.359876542,-0.1914149,-1.67751336,-0.117348019,0.070410069,1.33171592,0.15181006,-0.00207676421,-0.153145954,-0.0249284077,0.588010788,-0.724232852,1.64061427,-0.359870315,0.113062449,-0.790247202,0.607400715,0.994093478,0.139864236
5.86660811,-1.93567316,-1.54460531,0.109597793,-0.0679334477,0.333109826,0.0229079779,0.940158546,-1.55499539,0.153627014,-0.0281616535,1.17174857,0.330915831,-0.18248657,-1.56763236,-0.112146496,0.0664157932,1.25844433,0.125357551,0.00552979477,-0.155653015,-0.0161613617,0.575789809,-0.722380817,1.55868816,-0.312036872,0.105211534,-0.767413557,0.635765612,0.939521909,0.0946236551
5.89994111,-1.93798569,-1.5449179,0.107298069,-0.0574697331,0.362224549,0.0212725718,0.930074215,-1.43989909,0.166864715,-0.0317255053,1.06627999,0.30087375,-0.166460516,-1.45632217,-0.086449378,0.0590547189,1.16255238,0.102940929,0.0128665505,-0.146546274,-0.0051606195,0.560582161,-0.719207227,1.48124599,-0.266172141,0.0983619243,-0.737590432,0.666883528,0.899480999,0.0584445111
5.93327411,-1.93880604,-1.54425148,0.105526339,-0.0486834049,0.386229187,0.0191315431,0.920918524,-1.33632224,0.179648094,-0.0405899512,0.966215701,0.284503666,-0.146244308,-1.35187221,-0.0560498287,0.0602727537,1.06254534,0.0908369534,0.011168052,-0.142728031,0.00704719452,0.543507814,-0.715408504,1.41132867,-0.223342195,0.0919462517,-0.703062475,0.69943589,0.874532342,0.03124425
5.96660711,-1.9392301,-1.54391596,0.103634774,-0.0432952158,0.408518553,0.0179389659,0.911546111,-1.24032599,0.182051499,-0.0563535649,0.873602855,0.278232742,-0.123946811,-1.25548942,-0.033416059,0.0699015167,0.968667304,0.0887066411,0.00101288851,-0.145129681,0.0195357185,0.525519669,-0.711543262,1.35137486,-0.184396282,0.0856936499,-0.66617167,0.731954753,0.863987088,0.0124678127
5.99994011,-1.93883431,-1.54399526,0.101546831,-0.0397639424,0.430455565,0.0173505042,0.901568532,-1.14424968,0.176650986,-0.0788660496,0.783932447,0.26173836,-0.0978890583,-1.15943348,-0.0197199527,0.0816383362,0.875003576,0.0905884653,-0.00991884619,-0.148501351,0.0315634608,0.507404208,-0.70799458,1.3029207,-0.149896801,0.0796255842,-0.629134536,0.762969613,0.866201341,0.00120045792
6.03327311,-1.93794835,-1.54418051,0.0992671922,-0.0369687378,0.451831311,0.0170429833,0.891174138,-1.04700708,0.17081742,-0.099810712,0.697847247,0.233253434,-0.072257407,-1.06339645,-0.0123708248,0.0910186097,0.781166494,0.0925772339,-0.0205128547,-0.14824903,0.0426001325,0.489806592,-0.704979539,1.26652026,-0.12009643,0.0739867017,-0.593914151,0.791119099,0.878924429,-0.00370876421
6.06660611,-1.93642545,-1.54439628,0.0968081281,-0.0350600258,0.472522676,0.0170804933,0.880455196,-0.949559927,0.168195128,-0.113997646,0.615795314,0.208715647,-0.0570979267,-0.967520714,-0.0114068361,0.0921424329,0.68764627,0.091714263,-0.0321100056,-0.145383433,0.0523159802,0.4732593,-0.702581167,1.24182022,-0.0949536115,0.0691554621,-0.562141061,0.815225542,0.899634659,-0.00353337731
6.09993911,-1.93402648,-1.54429376,0.0941799432,-0.0329796001,0.492874742,0.0168716833,0.869311333,-0.852458477,0.171325102,-0.120146401,0.532716155,0.202697426,-0.0584169142,-0.869602084,-0.0125312582,0.0874781385,0.592462242,0.0892710015,-0.0423957221,-0.1417602,0.0605526604,0.458202958,-0.700781703,1.22772872,-0.0741752312,0.0655605569,-0.53507632,0.834335089,0.925822914,0.000421572156
6.13327211,-1.93104875,-1.54367661,0.0914689377,-0.0308946129,0.512250602,0.0164971184,0.858121574,-0.757755339,0.180130348,-0.117579691,0.443801612,0.206321135,-0.0668736622,-0.772965193,-0.0115587134,0.0830113813,0.498955518,0.0894371569,-0.0554634966,-0.139195144,0.0672894716,0.444998711,-0.699486852,1.22263002,-0.0572763421,0.0636146292,-0.513608694,0.847729027,0.955205321,0.00688615441
6.16660511,-1.92835832,-1.54253054,0.0887750462,-0.0282639731,0.529466927,0.0157588366,0.847713172,-0.670862675,0.19461441,-0.10838975,0.363323897,0.19226703,-0.0733198076,-0.688908994,-0.00611873576,0.0811867341,0.421766162,0.0957652852,-0.0679183528,-0.137349188,0.0726138428,0.433933944,-0.698538423,1.22460949,-0.043647103,0.063667953,-0.498277158,0.854914546,0.985860229,0.0146760549
6.19993811,-1.92593873,-1.54087317,0.086088784,-0.0250396617,0.54583478,0.0143138468,0.837396264,-0.590672433,0.213802621,-0.0915392712,0.291758597,0.180039227,-0.0792032182,-0.615891993,0.00265625026,0.0820777938,0.35690546,0.103599437,-0.071761027,-0.134861425,0.0766998157,0.42522496,-0.697722554,1.23166502,-0.0326170474,0.0659791455,-0.489310443,0.855607986,1.01629281,0.0227340292
6.23327111,-1.92317426,-1.53924763,0.0833220482,-0.0227038544,0.561477423,0.0129426783,0.827079296,-0.515077233,0.232106999,-0.0661063865,0.220076844,0.179907486,-0.0826051161,-0.545040369,0.0110749137,0.0856819227,0.293537468,0.105499111,-0.0752127692,-0.131832942,0.0797935948,0.419019043,-0.696781874,1.24188673,-0.0235079508,0.0706973374,-0.48667708,0.849721968,1.04543912,0.0301601514
6.26660411,-1.92024791,-1.53809214,0.0801998973,-0.0205955412,0.578126669,0.0117070153,0.815603018,-0.442563981,0.246938661,-0.0337940864,0.15562059,0.178175554,-0.0853098184,-0.474084854,0.0174874067,0.0832189173,0.236137047,0.107286796,-0.0771704316,-0.129894614,0.0822030231,0.415397257,-0.695432663,1.25359666,-0.0156733189,0.0778506547,-0.490136772,0.837361276,1.0726279,0.0362276137
6.29993712,-1.9173336,-1.53775394,0.0769134164,-0.0199897494,0.596366107,0.0115336599,0.802380741,-0.378615677,0.255866349,-0.00439179642,0.107418351,0.177849069,-0.0901134685,-0.406389982,0.0194514226,0.0670693815,0.182911038,0.114997342,-0.0828339532,-0.12887612,0.0842861235,0.414376259,-0.693379939,1.26544094,-0.00852413103,0.0873367786,-0.49928841,0.818825901,1.09751976,0.0403844155
6.33327012,-1.91452992,-1.5378412,0.0747804716,-0.0189491063,0.606425822,0.0109125357,0.794839323,-0.34225598,0.263747603,0.0184082538,0.0824681148,0.179165363,-0.0954457298,-0.357269228,0.021769017,0.0475883223,0.133062348,0.121297352,-0.0920601562,-0.12068139,0.0864344761,0.415910274,-0.690333366,1.27643669,-0.00154127704,0.098914817,-0.513610423,0.794614971,1.12003517,0.0422431752
6.36660312,-1.91208279,-1.53785658,0.0748067945,-0.0174390227,0.608724177,0.00982854608,0.793129325,-0.322541118,0.273002803,0.0451733321,0.074576512,0.177094206,-0.101452343,-0.322377414,0.0266654361,0.0342037007,0.0898354724,0.119648166,-0.100075088,-0.100244254,0.0890468135,0.419894636,-0.686028719,1.28597295,0.00572199002,0.11219874,-0.532490969,0.76542443,1.14028263,0.0415631607
6.39993612,-1.90997779,-1.53840876,0.0784608945,-0.00886469707,0.619792342,0.017584553,0.784518719,-0.275128573,0.28213349,0.0849975348,0.0658554286,0.168392405,-0.112604164,-0.268352658,0.0303775631,0.0271429792,0.0453322195,0.115015537,-0.102822453,-0.0690149367,0.0924894214,0.426171184,-0.680257142,1.29377627,0.0136424042,0.126655445,-0.555247128,0.732128561,1.15849197,0.0382291488
6.43326912,-1.90798044,-1.53889477,0.0838576257,-0.00731374091,0.635545731,0.020480793,0.771756887,-0.2093945,0.285430938,0.1210602,0.0433688052,0.161572441,-0.129996866,-0.200747848,0.0279646628,0.0145867988,0.0060926727,0.102852613,-0.101845764,-0.0459220782,0.0970529318,0.434533715,-0.672898054,1.29984879,0.0225293692,0.141612977,-0.581133783,0.695737481,1.17495549,0.0322321765
6.46660212,-1.90621126,-1.5397315,0.0881172568,-0.00904103648,0.646589816,0.0216702539,0.762476385,-0.153037488,0.282519728,0.150282651,0.0139760664,0.160385221,-0.148359507,-0.154719204,0.0201829001,-0.00148608268,0,0.0750594065,-0.094807297,-0.0292041339,0.102923445,0.444728851,-0.6639449,1.30439305,0.0326243453,0.156346798,-0.609348118,0.657345474,1.18999767,0.0236546677
6.49993512,-1.90468156,-1.54053736,0.0912995338,-0.0123951156,0.655553102,0.0226732995,0.75470686,-0.117484659,0.275813401,0.178115636,0.000522745249,0.158786505,-0.17903094,-0.122760795,0.007935117,-0.0195551366,0,0.0442667045,-0.0777180418,-0.0224723723,0.110172868,0.45645225,-0.653512657,1.30773032,0.0440914929,0.170174107,-0.639033079,0.618056834,1.20394337,0.0126610631
6.53326812,-1.90356517,-1.54120278,0.0938272029,-0.0203073546,0.659925759,0.0208639279,0.750766516,-0.101191908,0.269133985,0.214714423,0,0.162408784,-0.205631927,-0.101620734,-0.00733389147,-0.0353945196,0,0.0274216868,-0.0618804805,-0.0336069241,0.118763722,0.469344467,-0.641822278,1.31022429,0.0569941886,0.182538003,-0.669288754,0.578903437,1.21708333,-0.000506020209
6.56660112,-1.90301192,-1.54159951,0.0960041657,-0.0251696538,0.664447725,0.021945091,0.746588349,-0.088815026,0.264348894,0.249214634,0,0.174512669,-0.22660017,-0.0858897716,-0.0219569188,-0.0479900986,5.86270289e-05,0.0295142736,-0.0536972806,-0.0445580184,0.128561318,0.482991368,-0.629171491,1.31221592,0.071264416,0.193061247,-0.699198365,0.54078275,1.22964072,-0.0155315595
6.59993412,-1.90277076,-1.54172623,0.096780777,-0.0290628839,0.665460765,0.0211636983,0.745566487,-0.0855279639,0.263886243,0.2785649,1.58363928e-05,0.195140466,-0.241883203,-0.0799829587,-0.0324273705,-0.0640057996,1.76157682e-05,0.0425218008,-0.0482787713,-0.0522762872,0.139348403,0.496935248,-0.615904272,1.31397462,0.0866767541,0.201559559,-0.727874041,0.504438281,1.2417438,-0.0320391022
6.63326712,-1.90284562,-1.54171348,0.0970252752,-0.0315703899,0.665502429,0.0199250225,0.745461524,-0.08526963,0.2667647,0.305456489,2.29579473e-05,0.218906403,-0.257669449,-0.0782289654,-0.039390564,-0.0817349851,0,0.0557162799,-0.0412569381,-0.057805907,0.150840119,0.510699987,-0.602392375,1.31565952,0.102841184,0.208021969,-0.754512131,0.470465451,1.25341189,-0.0496018082
6.66660012,-1.90314472,-1.54169285,0.0977856144,-0.0315439627,0.666566133,0.0208684467,0.744485736,-0.0807002932,0.270927757,0.33251211,4.01426223e-06,0.238997951,-0.281235814,-0.0749341697,-0.0446521379,-0.097214371,0,0.0637913793,-0.0275334325,-0.0624608696,0.162699535,0.523828864,-0.589034975,1.31729078,0.119223893,0.212570131,-0.778443813,0.439321935,1.26456392,-0.067749083
6.69993312,-1.90355921,-1.54147768,0.0983277038,-0.0312747955,0.667108059,0.020715341,0.744015813,-0.0769019499,0.276404113,0.353185773,0,0.258059591,-0.305223107,-0.0725020766,-0.0479741283,-0.113688245,0,0.0688731074,-0.00688095903,-0.0652451888,0.174559459,0.53592664,-0.576264262,1.31873071,0.135197833,0.215409309,-0.799172103,0.411332637,1.27504849,-0.0859740674
6.73326612,-1.90397179,-1.54114318,0.0988191962,-0.0300547313,0.667338133,0.0210967399,0.743849099,-0.0726221576,0.281314135,0.366783559,0,0.267775178,-0.326634973,-0.070428066,-0.0503896847,-0.12929222,4.9172499e-08,0.0731843263,0.0153859574,-0.0657604262,0.186054319,0.546696365,-0.564541399,1.3196826,0.150116056,0.216783538,-0.816393912,0.38669461,1.28468466,-0.10375154
6.76659912,-1.90439355,-1.54056931,0.100341477,-0.0281423274,0.669132352,0.0224978626,0.742269337,-0.0621004589,0.28456068,0.370917231,0,0.269078821,-0.339096963,-0.0632963255,-0.0527564175,-0.141553938,3.4820328e-08,0.0790560916,0.0385600701,-0.0658456311,0.196859717,0.555964649,-0.554337859,1.31971598,0.163388133,0.216945484,-0.830007315,0.365485817,1.29330003,-0.120569348
6.79993212,-1.90468514,-1.54001057,0.102844246,-0.0257994141,0.673095405,0.0245428588,0.738697886,-0.0441661887,0.286281943,0.368570954,2.91372189e-08,0.270546108,-0.346496433,-0.0493414924,-0.0559592098,-0.153858587,4.11754142e-09,0.085398607,0.0663358122,-0.0600920804,0.206732213,0.563688517,-0.5460971,1.31833434,0.174542323,0.216142997,-0.840105057,0.347676456,1.30075359,-0.135969833
6.83326513,-1.90480161,-1.53964221,0.105506629,-0.0233548917,0.677695036,0.0263912715,0.734498143,-0.0240713861,0.28744334,0.363300353,1.0516116e-08,0.273856193,-0.353262305,-0.0330355056,-0.0597238019,-0.166676894,0,0.0899904966,0.0916028023,-0.0497875921,0.215534344,0.569939017,-0.540177941,1.31508982,0.183266744,0.214613736,-0.846954107,0.333141237,1.30694139,-0.149589375
6.86659813,-1.90474927,-1.53948259,0.107331924,-0.0209246241,0.681116402,0.0282968599,0.731328905,-0.00854671653,0.288141251,0.358788669,1.31829214e-10,0.277965873,-0.361017495,-0.021148013,-0.0639411733,-0.180812448,0,0.0926233381,0.108849831,-0.037699461,0.223230362,0.574869812,-0.536786556,1.30971944,0.189428315,0.212579116,-0.850960672,0.32167089,1.31179869,-0.161179602
6.89993113,-1.90466058,-1.53935432,0.107875995,-0.0191124193,0.68240875,0.0298912786,0.730109215,-0.00185529189,0.288765013,0.356977522,0,0.281765252,-0.370084703,-0.0176437832,-0.0683720559,-0.19685626,0,0.094928965,0.122711159,-0.0288766753,0.229857847,0.578683019,-0.535915017,1.30224884,0.193072826,0.210238755,-0.852625191,0.312987804,1.31530488,-0.170612961
6.93326413,-1.90458775,-1.53914893,0.107271574,-0.0174752846,0.681103945,0.0309886914,0.731321931,-0.00367144612,0.290366471,0.357156605,0,0.284963578,-0.373635262,-0.0218264423,-0.07205493,-0.213964865,5.24187742e-11,0.0968585834,0.138483241,-0.0240148343,0.235490486,0.581599832,-0.537300348,1.29303646,0.194401875,0.207771763,-0.852494597,0.306769878,1.31748939,-0.177887708
6.96659713,-1.90462959,-1.53888357,0.106857151,-0.0161503926,0.680427969,0.0311995316,0.731972396,-0.00546906656,0.293118507,0.358934939,2.19237215e-11,0.285920471,-0.372199982,-0.0249160808,-0.0741586313,-0.229516923,1.52762716e-11,0.0986457467,0.154400975,-0.0226552207,0.24020426,0.583837748,-0.540413201,1.28275573,0.193727344,0.205344871,-0.851118863,0.302680552,1.31843531,-0.183136597
6.99993013,-1.90482652,-1.5386225,0.107124574,-0.0153014837,0.680639923,0.0307947621,0.731810689,-0.00389974285,0.296038955,0.362381071,2.46362149e-11,0.283768862,-0.373396993,-0.0238439199,-0.0749999732,-0.242219895,1.28067348e-12,0.100769266,0.166462898,-0.024573667,0.244057059,0.585593879,-0.544482231,1.27233124,0.19141978,0.20311892,-0.849014163,0.300391436,1.318277,-0.18662414
7.03326313,-1.90506482,-1.53841209,0.107768133,-0.0150128435,0.681695044,0.0299118608,0.730870545,-0.0005739404,0.298650593,0.366175294,1.08546757e-11,0.280055672,-0.375915527,-0.0203813482,-0.075071536,-0.251669466,1.55625198e-12,0.103395075,0.172856405,-0.028319722,0.247088328,0.587029755,-0.548550725,1.2628547,0.18786189,0.201249287,-0.846635401,0.299590528,1.31719553,-0.188721538
7.06659613,-1.90527427,-1.53828382,0.108026922,-0.0149378749,0.681563497,0.0292553976,0.731021285,3.90057321e-05,0.300287694,0.370366096,8.14653119e-12,0.276743114,-0.379298985,-0.0196831599,-0.0749884844,-0.25768131,2.90489746e-12,0.107097037,0.17588076,-0.0330246612,0.249338612,0.588254571,-0.551556468,1.25549817,0.18341209,0.199882552,-0.844355762,0.299976617,1.31541073,-0.189861238
7.09992913,-1.90542614,-1.53819549,0.108014196,-0.0148109077,0.681222558,0.0288237613,0.731358767,-0.000751901418,0.301704586,0.372842282,7.97370416e-12,0.275113761,-0.381300271,-0.0204153378,-0.0747472271,-0.26118806,3.04149544e-12,0.110083118,0.178808227,-0.0362250507,0.250886738,0.589302182,-0.552431703,1.25143409,0.178381339,0.199150264,-0.842450976,0.301238179,1.3131721,-0.190475315
7.13326213,-1.90553296,-1.53815567,0.10799773,-0.0147383809,0.681267917,0.0284293778,0.731333435,-0.00110336393,0.30262503,0.373856366,7.91571149e-12,0.274439752,-0.382805973,-0.0206315126,-0.0742541477,-0.261602372,2.89034703e-12,0.111380421,0.181825712,-0.0374124125,0.251903027,0.590099931,-0.550220609,1.25176418,0.173026353,0.199159861,-0.841081262,0.303015292,1.31075478,-0.190918937
7.16659513,-1.90557373,-1.53817546,0.107878812,-0.0147658251,0.68110472,0.0283066779,0.731489658,-0.00172974239,0.302827626,0.373062164,7.74037258e-12,0.275130004,-0.383560061,-0.0210938938,-0.0738316551,-0.258666128,2.78261745e-12,0.111541361,0.183650583,-0.0367634855,0.252719373,0.590426266,-0.544219136,1.25745118,0.167559326,0.199981809,-0.840266943,0.30484426,1.30846238,-0.191377088
7.19992813,-1.90557647,-1.53821993,0.107798696,-0.0149463927,0.681151688,0.0284298938,0.731437445,-0.00203710771,0.302314639,0.371029675,6.14751652e-12,0.276555359,-0.383820385,-0.0212190822,-0.0736735463,-0.253500879,2.27319422e-12,0.111224212,0.184791863,-0.0354572944,0.253920257,0.58985281,-0.534142792,1.26924169,0.162168831,0.201632947,-0.839852035,0.306085438,1.30664003,-0.191750675
7.23326113,-1.90555155,-1.5382756,0.107734926,-0.0151852956,0.681185663,0.0285968333,0.73139441,-0.00215351954,0.30151099,0.36872068,5.4869013e-12,0.278022081,-0.383271843,-0.0211009365,-0.0737698749,-0.248364583,2.07135654e-12,0.110888466,0.18606022,-0.033684779,0.256461084,0.587664366,-0.520333111,1.28757381,0.157043368,0.204055905,-0.839451432,0.305831194,1.30569339,-0.191514149
7.26659413,-1.90550435,-1.53837466,0.107684709,-0.0155398371,0.681417286,0.0287308656,0.731165886,-0.0016265203,0.300474793,0.367399126,5.18979868e-12,0.278810233,-0.382363856,-0.0204894599,-0.0742987916,-0.245086119,1.9654688e-12,0.11032176,0.186939165,-0.0303012002,0.261824012,0.582748771,-0.504023194,1.31245577,0.152395383,0.207091704,-0.838375211,0.302786916,1.30611444,-0.189530954
7.29992713,-1.90546536,-1.53850412,0.107685044,-0.0153711215,0.681749701,0.0294991788,0.730828881,-0.000360397564,0.299315542,0.368053943,5.27756224e-12,0.278645128,-0.382152557,-0.0197587144,-0.0752414092,-0.24388361,1.95163612e-12,0.10981027,0.18714489,-0.0263646003,0.265335321,0.577671349,-0.487851232,1.33618522,0.156437442,0.210083231,-0.837533116,0.299503922,1.30631626,-0.186849818
7.33326013,-1.90544629,-1.53864145,0.107583016,-0.0156892035,0.681846499,0.0296215005,0.730726898,-0.000394455419,0.298407555,0.368252397,5.46492625e-12,0.278396487,-0.382418811,-0.019532999,-0.0763428956,-0.245976925,2.02596251e-12,0.109905988,0.187202677,-0.0241489168,0.262773484,0.573214173,-0.471811354,1.35079682,0.177407756,0.213077873,-0.837115645,0.296898484,1.30531204,-0.183747917
7.36659313,-1.90543675,-1.53875494,0.107419372,-0.0167663451,0.681651294,0.0290719811,0.730907142,-0.00152248295,0.297648996,0.367810309,5.69589558e-12,0.278124303,-0.382879794,-0.0196446553,-0.0775479078,-0.24955821,2.14424247e-12,0.110679306,0.187883779,-0.0237702429,0.257055551,0.569006205,-0.457705557,1.35917747,0.200534075,0.215574056,-0.837284148,0.294815302,1.30402768,-0.179843545
7.39992614,-1.90544927,-1.53885174,0.107387528,-0.0166477729,0.681945443,0.0294641722,0.730619669,-0.000963445287,0.297049761,0.369115531,5.79903053e-12,0.277233928,-0.38322556,-0.0191800855,-0.0785770044,-0.250998884,2.11022064e-12,0.111552939,0.189334974,-0.0215395503,0.252614796,0.565517962,-0.443615645,1.36512053,0.212143973,0.21870029,-0.83769995,0.291493744,1.30355346,-0.173864767
7.43325914,-1.90549266,-1.53891206,0.107347377,-0.0168637019,0.682007492,0.0295662526,0.730552733,-0.000636594719,0.296573162,0.369981378,6.51063448e-12,0.276700109,-0.383624762,-0.0189337078,-0.079431951,-0.251904666,2.28479171e-12,0.112468779,0.1916354,-0.0198290925,0.24941808,0.563781261,-0.432620883,1.37061977,0.218975782,0.221010804,-0.838418245,0.286033899,1.30362618,-0.164423749
7.46659214,-1.9055444,-1.53891456,0.107321888,-0.0169221591,0.682026565,0.0296041872,0.730531991,-0.000471220323,0.296491802,0.369577646,8.12640233e-12,0.27702871,-0.383843005,-0.0187647846,-0.079781048,-0.252475977,2.71597089e-12,0.113261364,0.19361648,-0.0186737236,0.247791961,0.563766181,-0.426340371,1.37460041,0.222540915,0.221359044,-0.838661313,0.279689312,1.30525982,-0.155823961
7.49992514,-1.90556824,-1.53890502,0.107318662,-0.0167515446,0.682254136,0.0296655074,0.73032093,5.04349919e-05,0.296667397,0.368186116,8.47991209e-12,0.278077692,-0.383507818,-0.0183377024,-0.0797405764,-0.252652884,2.82365581e-12,0.113762319,0.194509774,-0.0166353118,0.247032776,0.564416111,-0.418687791,1.37609613,0.223438546,0.221367717,-0.838371038,0.270396799,1.30861425,-0.145722881
7.53325814,-1.90557158,-1.53888679,0.107318141,-0.0165759865,0.682309091,0.0299050007,0.730263829,0.000430650631,0.296687007,0.367206544,8.97212946e-12,0.278960466,-0.383342594,-0.0181684922,-0.0797017142,-0.252537072,2.95366379e-12,0.113800101,0.195345432,-0.0152767189,0.24644722,0.565048158,-0.410974652,1.37711859,0.220320255,0.220646009,-0.838185072,0.26235956,1.31201088,-0.137340039
7.56659114,-1.90556824,-1.53886831,0.10731598,-0.0165632609,0.682326734,0.029917378,0.73024714,0.000544547336,0.29670921,0.366880655,9.11331254e-12,0.279283345,-0.383441985,-0.0181360543,-0.0796453282,-0.252338707,2.99403644e-12,0.113632411,0.195497349,-0.0148457065,0.246236876,0.56556505,-0.406697422,1.37792122,0.217006221,0.220067888,-0.838141859,0.258302987,1.31418586,-0.132863224
7.59992414,-1.90555215,-1.53885341,0.107313864,-0.0165019818,0.682324171,0.0299813747,0.730248272,0.00055687374,0.296738416,0.366663754,9.11598661e-12,0.279507965,-0.383537024,-0.0181800537,-0.0795856714,-0.252138674,3.01091422e-12,0.113340653,0.194999546,-0.0147555629,0.246645942,0.5659284,-0.402071625,1.37777007,0.212644309,0.219803602,-0.83801347,0.254493773,1.31559765,-0.127877593
7.63325714,-1.90555608,-1.53885412,0.107302241,-0.0165247861,0.682302415,0.0299714115,0.730268478,0.000475158799,0.296728224,0.36671418,9.09442313e-12,0.279492348,-0.383721888,-0.0182443429,-0.079616949,-0.252392292,3.00805648e-12,0.113364257,0.194892496,-0.0147961089,0.246953234,0.566425622,-0.400605202,1.3776201,0.210657194,0.22008945,-0.838180721,0.253683001,1.31606865,-0.125638992
7.66659014,-1.90557289,-1.53886342,0.107302487,-0.0165755842,0.682310045,0.0299544632,0.730260849,0.000444094738,0.296687633,0.366870552,9.09094761e-12,0.279337585,-0.383924186,-0.0182114169,-0.0797440335,-0.252768487,3.00026692e-12,0.113520749,0.195212007,-0.0149142155,0.247318864,0.566650271,-0.40046072,1.37724161,0.210152388,0.220440358,-0.838377059,0.253459752,1.31583214,-0.124430381
7.69992314,-1.90560234,-1.53888571,0.107331477,-0.0167022832,0.682304859,0.0298706852,0.730266273,0.000661047176,0.296639889,0.367383897,9.10673013e-12,0.27894935,-0.384207249,-0.018020425,-0.0799535513,-0.253030896,3.00608887e-12,0.113842458,0.196316689,-0.0149420388,0.248085976,0.566787839,-0.400469661,1.37644875,0.209392771,0.221171215,-0.83871752,0.252675772,1.31516206,-0.122164443
7.73325614,-1.9056288,-1.53889656,0.107414603,-0.016346015,0.682544112,0.0302057099,0.730036974,0.00143579522,0.296615988,0.368412048,9.06278611e-12,0.278367132,-0.38467285,-0.0175870955,-0.080046013,-0.25251925,3.00834422e-12,0.113982707,0.197815895,-0.0145500768,0.248822659,0.566879272,-0.400144935,1.37590611,0.208488494,0.221846551,-0.838941097,0.251746863,1.31491828,-0.120326474
7.76658914,-1.90564239,-1.53890371,0.107342236,-0.0167392157,0.682355464,0.0298005473,0.730221033,0.000709976768,0.296685517,0.367622018,9.08783899e-12,0.278678596,-0.384610683,-0.0178450346,-0.0800436512,-0.25287956,2.9952334e-12,0.114219479,0.198327452,-0.0150259407,0.248624861,0.567039192,-0.399718404,1.37571871,0.20799996,0.22158961,-0.838875115,0.250383943,1.31521904,-0.119108267
7.79992214,-1.90564334,-1.5389055,0.10729707,-0.016816888,0.682322562,0.029712867,0.730253577,0.000253414095,0.296731859,0.367076904,9.12621975e-12,0.278912276,-0.384538233,-0.0180135835,-0.0800225958,-0.253166437,2.9931153e-12,0.114309907,0.198309675,-0.0153233027,0.24839215,0.567124188,-0.399513245,1.37577355,0.207867712,0.221293211,-0.838831007,0.249921173,1.31556845,-0.118851766
7.83325514,-1.90563083,-1.53890944,0.107297607,-0.0168175511,0.682337165,0.0297104251,0.730239987,0.000262122427,0.29672268,0.366911739,9.13921629e-12,0.278994828,-0.384521157,-0.0179637782,-0.0800092369,-0.253183275,2.99788883e-12,0.114189647,0.198016316,-0.0152488984,0.248201311,0.567163825,-0.39865014,1.37598169,0.207531378,0.221111402,-0.838782847,0.249259621,1.31594574,-0.118532546
7.86658814,-1.90561664,-1.5389086,0.107318468,-0.0167945251,0.68240422,0.029748233,0.73017633,0.000488796446,0.296690911,0.36678049,9.14651774e-12,0.27907759,-0.384443611,-0.017775245,-0.0800207481,-0.253195494,3.00652428e-12,0.113963574,0.197706908,-0.0149254687,0.247944519,0.567284107,-0.396953791,1.37652051,0.206872091,0.220963866,-0.838709354,0.248073727,1.316517,-0.11785455
7.89992114,-1.90561616,-1.53890681,0.107332289,-0.0167815574,0.682429373,0.0297840815,0.730151653,0.000652166898,0.296659827,0.366719574,9.15456599e-12,0.279127479,-0.384394705,-0.0176523793,-0.0800561234,-0.253277779,3.01102177e-12,0.113844477,0.197643906,-0.0146815162,0.247741789,0.567394972,-0.395767421,1.37717986,0.206421807,0.220939815,-0.838679314,0.247291178,1.31692874,-0.11745479
7.93325415,-1.9056108,-1.53891361,0.107341714,-0.0167763624,0.682459474,0.029813258,0.730122447,0.000767953461,0.296611369,0.366794169,9.17552579e-12,0.27908957,-0.384502918,-0.0175647382,-0.080083251,-0.253473729,3.02498543e-12,0.113706224,0.197511822,-0.014534465,0.246900633,0.567767859,-0.393992186,1.37646413,0.205666661,0.220805794,-0.838655412,0.246554002,1.31726444,-0.116904706
7.96658715,-1.90559161,-1.53892708,0.107348084,-0.0167980809,0.682457447,0.0298238564,0.730123401,0.000816616288,0.296557516,0.367141366,9.25456413e-12,0.278882533,-0.384943306,-0.0175266732,-0.0801183209,-0.253990322,3.0921936e-12,0.11344713,0.197573066,-0.0146203917,0.243991897,0.569288075,-0.390624493,1.37081814,0.204062283,0.22025831,-0.838651657,0.245492175,1.31763923,-0.115729883
